State,Year,Population,Water.Access,Birth.Rate,Corruption.Convictions,Grain.Yields,HDI,Percent.Irrigated,Rural.Bank.Branches,Capex,Credit.by.SCBs,Credit.Deposit.Ratio,Credit.to.Ag,Credit.to.Industry,Gross.Fixed.Capital.Formation,Km.Highways,Infant.Mortality.Rate,Literacy.Rate,Per.Capita.Elec.Cons,Personal.Loans.by.SCBs,Percentage.BPL,Total.Registered.Vehicles,Approx.Life.Expectancy,GSDP.Base.1980,Percentage.Ag.Share.GDP,Share.Rural.Pop,Social.Expenditure,Gross.Fiscal.Deficit,,
All.India,1981,683329000,NA,NA,NA,NA,NA,NA,NA,NA,NA,NA,NA,NA,NA,NA,NA,43.57,NA,NA,NA,NA,NA,NA,NA,0.766639496,NA,NA,,
All.India,1983,NA,NA,NA,NA,NA,NA,NA,NA,NA,NA,NA,NA,NA,NA,NA,NA,NA,NA,NA,44.48,NA,NA,NA,NA,NA,NA,NA,,
All.India,1988,NA,NA,NA,NA,NA,NA,NA,NA,NA,NA,NA,NA,NA,NA,NA,NA,NA,NA,NA,38.86,NA,NA,NA,NA,NA,NA,NA,,
All.India,1990,NA,NA,30.2,NA,1380,NA,NA,14532,193.1,1043,60.7,166.12,507.17,242925.9,NA,NA,NA,NA,66.95,NA,NA,NA,NA,NA,NA,NA,NA,,
All.India,1991,846421000,NA,29.5,NA,1382,NA,0.340278451,14519,217.4,1242,61.9,185.41,589.64,306101.4,33650,NA,52.21,270,96.07,NA,21374200,60.3,NA,NA,0.742958882,351.3,187.9,,
All.India,1992,NA,NA,29.2,NA,1457,NA,0.360401885,14574,231.3,1367,57.7,202.22,651.8,360410.4,33666,NA,NA,283,109.83,NA,23507371,60.3,NA,NA,NA,392.6,189,,
All.India,1993,NA,NA,28.7,NA,1501,NA,0.359668782,14567,249.8,1625,58.9,220.66,788.47,272234.6,33916,NA,NA,299,135.46,NA,25299024,60.3,NA,NA,NA,444.7,208.9,,
All.India,1994,NA,NA,28.7,NA,1546,NA,0.365786865,14561,321.4,1759,54.3,228.37,845.73,595224.7,34249,NA,NA,320,151.93,35.97,NA,60.3,NA,NA,NA,494.5,203.6,,
All.India,1995,NA,NA,28.3,NA,1491,NA,0.375670689,14536,315.1,2109,55.6,249,961.63,691198.7,34262,NA,NA,336,188.6,NA,30295000,61.5,NA,NA,NA,551.4,273.1,,
All.India,1996,NA,NA,27.5,NA,1605,NA,0.380602867,14516,323.4,2547,59.8,288,1209.27,799365.9,34508,NA,NA,334,235.6,NA,33786000,61.5,NA,NA,NA,639.8,308.7,,
All.India,1997,NA,NA,27.2,NA,1550,NA,0.401188378,14513,396.1,2844,56.8,316.67,1367.34,717723.9,34849,71,NA,348.5,282.04,NA,37332000,61.5,NA,NA,NA,719,365.6,,
All.India,1998,NA,NA,26.5,NA,1627,NA,0.398288313,14471,441.7,3299,55.3,351.98,1610,690708.1,38517,72,NA,360.01,347.3,NA,41367000,61.5,NA,NA,NA,814.3,434.7,,
All.India,1999,NA,NA,26.1,NA,1704,NA,0.41049001,14475,505,3824,54.8,408.78,1879.3,486788.2,49585,70,NA,364.45,395.7,NA,44875000,63.4,NA,NA,NA,981.3,733,,
All.India,2000,NA,NA,25.8,NA,1626,0.387,0.420476019,14462,520.1,4601,56,454.96,2149.8,468792.7,52010,68,NA,366.12,516.2,26.1,48857000,63.4,NA,NA,NA,1136.9,901,,
All.India,2001,1028737000,NA,25.4,NA,1734,NA,0.411066149,14431,588.6,5384,56.7,514,2364,701514.5,57737,66,64.84,360.97,655,NA,54991000,63.4,NA,NA,0.721873521,1249.2,879.2,,
All.India,2002,NA,NA,25,NA,1535,NA,0.41683598,14486,794,6560,58.4,641,2716,474542.4,58112,63,NA,373,825,NA,58924000,63.4,NA,NA,NA,1292.5,942.6,,
All.India,2003,NA,NA,24.8,NA,1727,NA,0.420124332,14462,1417.1,7560,59.2,760,3098,575338,58112,60,NA,390.03,1139,NA,67007000,65,NA,NA,NA,1336.5,997.3,,
All.India,2004,NA,NA,24.1,NA,1652,NA,0.411481538,14484,1507.6,8803,58.2,961,3348,752504.6,65569,58,NA,625.49,1788,NA,72718000,65,NA,NA,NA,1461.6,1206.3,,
All.India,2005,NA,NA,23.8,NA,1715,NA,0.424263355,14433,1236.5,11525,66,1244,4469,1260767.4,65569,58,NA,631.41,2560,37.2,81502000,65,NA,NA,NA,1640.8,1077.7,,
All.India,2006,NA,NA,23.5,NA,1756,NA,0.437279817,14372,1515.8,15138,72.4,1727,5662,1443250,65569,57,NA,671.89,3532,NA,89618000,65,NA,NA,NA,1894.3,900.8,,
All.India,2007,NA,NA,23.1,NA,1860,NA,0.4509437,14422,1715.2,19471,75,2302,7419,1777909.8,66590,55,NA,717.13,4336,NA,96707000,66.5,NA,NA,NA,2229.9,775.1,,
All.India,2008,NA,NA,22.8,NA,1909,0.467,0.451063655,14558,2003.5,24170,74.4,2741,9285,2259470.1,66754,53,NA,733.54,4854,NA,105353000,66.5,NA,NA,NA,2654.7,754.5,,
All.India,2009,NA,NA,22.5,NA,1798,NA,0.455111402,15010,2161.8,28477,72.6,3095,11344,2683006.8,70548,50,NA,778.63,5535,NA,114951000,66.5,NA,NA,NA,3315.4,1345.9,,
All.India,2010,NA,NA,22.1,NA,1930,NA,0.450180421,15303,2264.3,33452,73.3,3903,13552,2836554.7,70934,47,NA,818.75,5589,29.8,127746000,66.5,NA,NA,NA,3929.4,1888.2,,
All.India,2011,1210855000,NA,21.8,NA,2078,NA,0.449917242,15658,2770.4,40756,75.6,4610,16121,3438238,69227,44,74.04,884,6701,NA,141866000,66.5,NA,NA,0.688326018,4519.4,1614.6,,
All.India,2012,NA,NA,21.6,NA,2129,NA,0.46889057,16170,3025.5,48033,79,5619,19420,3575262.1,76818,42,NA,914.41,7502,21.92,159491000,NA,NA,NA,NA,5235.7,1683.5,,
All.India,2013,NA,NA,21.2,NA,2120,NA,0.476211297,16985,3263.9,55253,78.8,6761,23160,3537380.9,79116,40,NA,NA,8713,NA,176044000,NA,NA,NA,NA,6029.4,1954.7,,
All.India,2014,NA,NA,NA,NA,NA,NA,NA,17901,4442.6,62821,79,8418,26162,NA,91287,NA,NA,NA,10171,NA,190704000,NA,NA,NA,NA,6792,2478.5,,
All.India,2015,NA,NA,NA,NA,NA,NA,NA,19472,4867.8,68785,77.1,9043,26361,NA,97991,NA,NA,NA,11440,NA,210023000,NA,NA,NA,NA,NA,NA,,
All.India,1985,NA,NA,NA,NA,NA,NA,NA,NA,NA,NA,NA,NA,NA,NA,NA,NA,NA,NA,NA,NA,NA,NA,NA,NA,NA,NA,NA,,
Andhra.Pradesh,1981,53551000,25.9,NA,NA,NA,NA,NA,NA,NA,NA,NA,NA,NA,NA,NA,NA,35.66,NA,NA,NA,NA,NA,NA,NA,0.76680174,NA,NA,,
Andhra.Pradesh,1983,NA,NA,NA,NA,NA,NA,NA,NA,NA,NA,NA,NA,NA,NA,NA,NA,NA,NA,NA,28.91,NA,NA,NA,NA,NA,NA,NA,,
Andhra.Pradesh,1985,NA,NA,NA,NA,NA,NA,NA,NA,NA,NA,NA,NA,NA,NA,NA,NA,NA,NA,NA,NA,NA,NA,NA,NA,NA,NA,NA,,
Andhra.Pradesh,1988,NA,NA,NA,NA,NA,NA,NA,NA,NA,NA,NA,NA,NA,NA,NA,NA,NA,NA,NA,25.86,NA,NA,NA,NA,NA,NA,NA,,
Andhra.Pradesh,1990,NA,NA,26.3,27,1588,NA,NA,1130,10.8,75,80.4,20.9,30.5,22346.9,NA,NA,NA,NA,6.07,NA,NA,NA,NA,NA,NA,NA,NA,,
Andhra.Pradesh,1991,66508000,55.1,26,21,1575,NA,0.407034033,1124,13.1,88,79.8,22.5,34.9,25703.6,2587,NA,44.08,288,8.9,NA,1423294,61.8,3462195,0.333065295,0.731054911,27.4,9.7,,
Andhra.Pradesh,1992,NA,NA,24.5,25,1665,NA,0.407671316,1128,17.9,100,80.1,24.2,40.7,22378,2587,NA,NA,312,11,NA,1457729,61.8,4175082,0.344141983,NA,31.2,11.3,,
Andhra.Pradesh,1993,NA,NA,24.3,27,1783,NA,0.398698448,1128,25.2,112,79.5,25.4,46.9,27398.2,2587,NA,NA,345,12.7,NA,1611522,61.8,4418353,0.320911887,NA,36.6,15.7,,
Andhra.Pradesh,1994,NA,NA,23.8,36,1713,NA,0.395649433,1128,29.5,120,70.7,27.7,49,38261.8,2949,NA,NA,374,14.7,22.19,NA,61.8,4356496.058,0.387002531,NA,39.2,18.3,,
Andhra.Pradesh,1995,NA,NA,24.2,13,1693,NA,0.405616835,1128,36.9,147,73,30.6,58.4,5305.8,2949,NA,NA,368,19.4,NA,2212000,62.5,5188903.135,0.379863398,NA,42.7,23.5,,
Andhra.Pradesh,1996,NA,NA,22.8,27,1877,NA,0.406654911,1128,18.7,175,79.4,37.3,69.8,48342.3,2949,NA,NA,346,23,NA,2579000,62.5,6011785.141,0.37905104,NA,55.1,24.2,,
Andhra.Pradesh,1997,NA,NA,22.5,39,1674,NA,0.431170768,1132,32,202,76.2,41.8,84,36764.6,2949,63,NA,391,27.4,NA,2865000,62.5,6786758.717,0.380194678,NA,62.8,28.1,,
Andhra.Pradesh,1998,NA,NA,22.4,20,2022,NA,0.425051504,1118,50.1,228,71.1,46,91,28175.7,2950,66,NA,405.33,33.1,NA,3100000,62.5,7210978.237,0.323138538,NA,67.6,24.3,,
Andhra.Pradesh,1999,NA,NA,21.7,21,1919,NA,0.447119266,1121,47.3,261,67.9,52,110.9,30294.2,3640,66,NA,433.96,38,NA,3301000,63.9,8653051.621,0.364295188,NA,89.3,57.1,,
Andhra.Pradesh,2000,NA,NA,21.3,24,2089,0.368,0.441219381,1139,50.5,298,64.2,56.9,99.8,21040.7,3910,65,NA,433.14,48.8,15.77,3636000,63.9,9428390.33,0.332124212,NA,88.3,49.8,,
Andhra.Pradesh,2001,76210000,80.1,28.8,22,2102,NA,0.436766334,1139,63.5,351,64.5,64,130,27984.6,4038,66,60.47,494.13,60,NA,3966000,63.9,10594220.76,0.341453895,0.726951844,100.1,73.1,,
Andhra.Pradesh,2002,NA,NA,20.7,47,1694,NA,0.435010975,1150,83.2,395,61.9,76,159,30081.3,4038,62,NA,468.02,74,NA,4389000,63.9,11471759.26,0.318741878,NA,108.8,67.2,,
Andhra.Pradesh,2003,NA,NA,20.4,43,2012,NA,0.39242149,1163,102.9,455,62.4,86,181,38465.9,4038,59,NA,495.3,107,NA,5002000,65.5,12232006.11,0.278381719,NA,111.8,76.3,,
Andhra.Pradesh,2004,NA,NA,19,49,2138,NA,0.386624616,1167,158.5,559,65.9,108,179,44033.2,4472,59,NA,791.12,157,NA,5720000,65.5,13909859.36,0.299012985,NA,133.7,74.5,,
Andhra.Pradesh,2005,NA,NA,19.1,89,2365,NA,0.398354501,1159,133.9,735,74.8,146,251,72448.1,4472,57,NA,723.1,232,29.9,6458000,65.5,15504653.08,0.28974058,NA,138.2,81.9,,
Andhra.Pradesh,2006,NA,NA,18.9,149,2231,NA,0.448735219,1153,152.1,953,81.3,180,299,114884,4472,56,NA,802.38,289,NA,7218000,65.5,16981815.81,0.269165836,NA,149,83,,
Andhra.Pradesh,2007,NA,NA,18.7,188,2613,NA,0.473811568,1157,208.9,1233,87.3,242,381,147134,4472,54,NA,877.18,371,NA,6367000,66.3,20025738.33,0.252795798,NA,186.5,56.4,,
Andhra.Pradesh,2008,NA,NA,18.4,151,2744,0.473,0.463256431,1163,189.5,1616,90.4,292,576,184533.4,4472,52,NA,928.16,456,NA,7208000,66.3,24431664.04,0.273745899,NA,244.7,87.9,,
Andhra.Pradesh,2009,NA,NA,18.3,110,2294,NA,0.487418655,1257,216.3,2104,96.4,378,821,264691,4537,49,NA,1013.74,530,NA,8059000,66.3,27310483.55,0.272924915,NA,314.4,124.1,,
Andhra.Pradesh,2010,NA,NA,17.9,109,2530,NA,0.458917197,1312,221,2621,105.1,492,1022,233091.5,4537,46,NA,1065.46,576,21.1,8923000,66.3,31445665.77,0.29517839,NA,302.8,140.1,,
Andhra.Pradesh,2011,84581000,90.5,17.5,114,2519,NA,0.492902426,1341,254.7,3212,109.7,612,1309,233333.8,4537,43,67.66,1157,706,NA,10189000,66.3,36799690.11,0.280032874,0.666367151,391.3,118,,
Andhra.Pradesh,2012,NA,NA,17.5,69,2670,NA,0.493131768,1403,267.4,3842,111.3,803,1586,140134.1,4537,41,NA,1134.9,779,9.2,12424000,NA,41675536.07,0.265045648,NA,454,154,,
Andhra.Pradesh,2013,NA,NA,17.4,47,2661,NA,0.459194139,1496,262.5,4407,112,963,1782,137462,5022,39,NA,NA,917,NA,6286000,NA,47177495.97,0.282444946,NA,494.4,175.1,,
Andhra.Pradesh,2014,NA,NA,NA,NA,NA,NA,NA,1531,127.6,4908,111.3,1182,1955,NA,6590,NA,NA,NA,1063,NA,7002000,NA,53403365.18,0.279476284,NA,537.4,180.4,,
Andhra.Pradesh,2015,NA,NA,NA,NA,NA,NA,NA,1015,146.2,1986,105.3,1195,2161,NA,4670,NA,NA,NA,1203,NA,7882000,NA,59828375.48,0.271980545,NA,NA,NA,,
Assam,1981,18041000,NA,NA,NA,NA,NA,NA,NA,NA,NA,NA,NA,NA,NA,NA,NA,NA,NA,NA,NA,NA,NA,NA,NA,0.901224988,NA,NA,,
Assam,1983,NA,NA,NA,NA,NA,NA,NA,NA,NA,NA,NA,NA,NA,NA,NA,NA,NA,NA,NA,40.47,NA,NA,NA,NA,NA,NA,NA,,
Assam,1985,NA,NA,NA,NA,NA,NA,NA,NA,NA,NA,NA,NA,NA,NA,NA,NA,NA,NA,NA,NA,NA,NA,NA,NA,NA,NA,NA,,
Assam,1988,NA,NA,NA,NA,NA,NA,NA,NA,NA,NA,NA,NA,NA,NA,NA,NA,NA,NA,NA,36.21,NA,NA,NA,NA,NA,NA,NA,,
Assam,1990,NA,NA,29.7,NA,1266,NA,NA,399,7.7,11,58.5,2.64,6.5,1981.8,NA,NA,NA,NA,0.41,NA,NA,NA,NA,NA,NA,NA,NA,,
Assam,1991,22414000,45.9,30.9,0,1202,NA,0.15024954,401,6.2,11,49.7,2.5,7.4,2365.7,2227,NA,52.89,98,0.9,NA,283552,55.7,1062066,0.334888792,0.889042563,9.3,5.7,,
Assam,1992,NA,NA,30.8,0,1261,NA,0.148033126,406,6.8,13,50.3,2.9,9.9,2252.2,2227,NA,NA,97,1.4,NA,304355,55.7,1184809,0.359282382,NA,11.1,2.5,,
Assam,1993,NA,NA,29.5,0,1290,NA,0.149074798,405,7.2,13,49.3,2.7,10.5,2212.5,2254,NA,NA,95,1.7,NA,325264,55.7,1304772,0.358340768,NA,11.4,2.1,,
Assam,1994,NA,NA,30.8,0,1308,NA,0.147918283,405,7.3,13,41.3,2.8,7.9,2672.3,2254,NA,NA,98,1.5,NA,NA,55.7,1323038.808,0.379556516,NA,14,-0.2,,
Assam,1995,NA,NA,29.3,0,1306,NA,0.147346728,405,8.1,15,38.7,3.2,7.4,6188.8,2254,NA,NA,98,1.8,NA,348000,57.3,1533407.742,0.405134587,NA,15.4,7.1,,
Assam,1996,NA,NA,27.6,0,1294,NA,0.143610344,405,7,18,40.3,3.2,7.2,2585.1,2254,NA,NA,104,2.4,NA,359000,57.3,1695945.818,0.395157392,NA,18.2,6.5,,
Assam,1997,NA,NA,28.2,0,1314,NA,0.053504145,404,9.8,19,36.3,3.6,7.2,11947.3,2254,76,NA,99.81,2.8,NA,377000,57.3,1836210.121,0.370363054,NA,17.1,0.7,,
Assam,1998,NA,NA,27.9,0,1288,NA,0.053079619,405,15.5,21,33.6,3,7.3,2281.1,2362,76,NA,93.68,3.3,NA,409000,57.3,1992531.915,0.385964419,NA,18.9,1.4,,
Assam,1999,NA,NA,27,0,1409,NA,0.052270997,401,34.2,23,32,2.7,9.5,3289.6,2652,76,NA,101.2,4.1,NA,406000,58.6,2232960.918,0.393953681,NA,21.5,3.4,,
Assam,2000,NA,NA,26.9,0,1457,0.336,0.055052606,401,26,27,32,2.9,9.3,22114,2706,75,NA,103.91,5,NA,453000,58.6,2556691.591,0.387493818,NA,26.4,16.1,,
Assam,2001,26656000,58.8,26.8,0,1460,NA,0.04398827,405,23.1,32,32.1,3,13,5964,2836,73,63.25,99.42,7,NA,542000,58.6,2702091.118,0.368899016,0.870948379,30.8,15.4,,
Assam,2002,NA,NA,26.6,0,1417,NA,0.043674699,405,37.3,37,31.7,4,43,4118.2,2836,70,NA,105.54,10,NA,596000,58.6,2812109.068,0.357473213,NA,30.4,14.5,,
Assam,2003,NA,NA,26.3,0,1472,NA,0.043708944,399,45,38,29.3,5,25,10909.5,2836,67,NA,105.34,17,NA,657000,60.6,3185993.355,0.316961465,NA,32.3,9.3,,
Assam,2004,NA,NA,25.1,0,1405,NA,0.04371999,401,54.2,46,31.8,5,13,6924.5,2836,66,NA,162.66,18,NA,727000,60.6,3472069.972,0.30240066,NA,37.1,13.9,,
Assam,2005,NA,NA,25,1,1416,NA,0.04389117,402,48.1,63,35.3,5,21,10110.8,2836,68,NA,170.65,28,NA,815000,60.6,3855826.31,0.295157927,NA,47.8,20.6,,
Assam,2006,NA,NA,24.6,3,1286,NA,0.03595847,398,65.5,88,42.6,9,29,8732.9,2836,67,NA,175.09,40,NA,914000,60.6,4288135.69,0.327036254,NA,44.5,-3.6,,
Assam,2007,NA,NA,24.3,3,1378,NA,0.037735849,399,80.1,109,42.8,11,37,7868.7,2836,66,NA,186.65,53,NA,1021000,62.2,4671397.433,0.301642105,NA,52.2,-7.1,,
Assam,2008,NA,NA,23.9,2,1551,0.444,0.036988799,403,86.7,132,42.4,13,34,9335.8,2836,64,NA,199.15,61,NA,1116000,62.2,5132381.959,0.298020531,NA,60.6,-7.9,,
Assam,2009,NA,NA,23.6,1,1662,NA,0.072768192,402,102.1,151,38.5,16,33,13465.9,2836,61,NA,209.21,74,NA,1235000,62.2,5854295.809,0.293984474,NA,67.6,-14.1,,
Assam,2010,NA,NA,23.2,2,1763,NA,0.054891437,399,124.9,184,37.8,22,35,16978.5,2836,58,NA,222.86,86,NA,1384000,62.2,6930283.567,0.301505606,NA,91.6,40.4,,
Assam,2011,31206000,69.9,22.8,3,1704,NA,0.040865385,409,136.8,214,36.5,29,41,38282.6,2836,55,73.18,250,91,NA,1582000,62.2,8137150.47,0.296300283,0.859033519,102.4,19.9,,
Assam,2012,NA,NA,22.5,11,1962,NA,0.03905127,407,147.4,251,37.7,40,53,15036.4,2940,55,NA,240.28,104,NA,1807000,NA,9091408.037,0.274007068,NA,111.9,16.5,,
Assam,2013,NA,NA,22.4,6,1916,NA,0.038122468,408,179.3,285,37.2,54,61,19188.7,2940,54,NA,NA,97,NA,1878000,NA,9993868.949,0.26242027,NA,123,15.2,,
Assam,2014,NA,NA,NA,NA,NA,NA,NA,408,319.3,316,37.7,63,62,NA,3634,NA,NA,NA,128,NA,2217000,NA,11514563.03,0.268513008,NA,145.1,37.8,,
Assam,2015,NA,NA,NA,NA,NA,NA,NA,465,294.8,357,36.7,74,297,NA,3784,NA,NA,NA,190,NA,2510000,NA,13271947.12,0.261306268,NA,NA,NA,,
Bihar,1981,52303000,37.6,NA,NA,NA,NA,NA,NA,NA,NA,NA,NA,NA,NA,NA,NA,32.32,NA,NA,NA,NA,NA,NA,NA,0.901630882,NA,NA,,
Bihar,1983,NA,NA,NA,NA,NA,NA,NA,NA,NA,NA,NA,NA,NA,NA,NA,NA,NA,NA,NA,62.22,NA,NA,NA,NA,NA,NA,NA,,
Bihar,1985,NA,NA,NA,NA,NA,NA,NA,NA,NA,NA,NA,NA,NA,NA,NA,NA,NA,NA,NA,NA,NA,NA,NA,NA,NA,NA,NA,,
Bihar,1988,NA,NA,NA,NA,NA,NA,NA,NA,NA,NA,NA,NA,NA,NA,NA,NA,NA,NA,NA,52.13,NA,NA,NA,NA,NA,NA,NA,,
Bihar,1990,NA,NA,32.9,4,1300,NA,NA,1879,13.3,31,36.8,8,12.3,11798,NA,NA,NA,NA,2.2,NA,NA,NA,NA,NA,NA,NA,NA,,
Bihar,1991,64531000,58.8,30.7,0,1173,NA,0.399847386,1890,10.7,36,38.3,9.5,12.3,23896.5,2118,NA,37.49,115,3.1,NA,1023892,59.3,2642878,0.377089294,0.895987975,23.8,15.9,,
Bihar,1992,NA,NA,32.3,1,1086,NA,0.409637367,1895,11.7,38,36.9,9.9,12.1,12432,2118,NA,NA,117,3.6,NA,1111747,59.3,2951880,0.355645216,NA,30.7,16.2,,
Bihar,1993,NA,NA,32,3,1467,NA,0.431808465,1893,11.1,42,37.4,11.5,15.53,21730,2118,NA,NA,126,4.6,NA,1167625,59.3,3191425,0.363388455,NA,31.4,13.3,,
Bihar,1994,NA,NA,32.5,5,1446,NA,0.432088634,1891,8.2,45,35.2,12.3,13.6,44392.2,2118,NA,NA,134,5.2,64.96,NA,59.3,3054193.725,0.32567384,NA,34.3,13.4,,
Bihar,1995,NA,NA,32.1,6,1440,NA,0.446054098,1891,9.6,50,32.5,13.8,14.8,26042.5,2118,NA,NA,138,5.9,NA,1247000,59.5,3473634.288,0.327810472,NA,35.2,13.4,,
Bihar,1996,NA,NA,32.1,1,1156,NA,0.457185629,1886,11.5,54,30.1,14.3,17.11,25548.9,2218,NA,NA,138,6.8,NA,1330000,59.5,3277982.027,0.289685054,NA,38,15.7,,
Bihar,1997,NA,NA,31.7,1,1571,NA,0.459915196,1886,12.6,62,28.9,14.9,21.7,18959.9,2218,71,NA,141.79,8.5,NA,1415000,59.5,4356747.171,0.320761744,NA,40.1,8.9,,
Bihar,1998,NA,NA,31.1,1,1520,NA,0.457060116,1887,35.7,73,28.3,13.9,24.6,2009.2,2547,67,NA,134.11,11.5,NA,1505000,59.5,4506792.67,0.277637432,NA,43.8,9.8,,
Bihar,1999,NA,NA,31.5,4,1617,NA,0.472694718,1887,39.5,79,25.6,14.8,31,1963.1,3079,63,NA,146.73,13.1,NA,1599000,64,5225978.804,0.295329992,NA,53.5,23.8,,
Bihar,2000,NA,NA,31.9,6,1694,0.292,0.481811805,1879,51.3,84,22.5,14.2,26.6,3962.9,35339,62,NA,144.73,16.7,42.6,871000,64,5654787.337,0.255684606,NA,83.4,61.1,,
Bihar,2001,82999000,86.6,31.2,8,1664,NA,0.570695696,1485,29.3,55,20.7,13,10,1973.8,4915,62,47,36.29,13,NA,949000,64,6451415.822,0.290884458,0.89539633,74.1,48.8,,
Bihar,2002,NA,NA,30.9,9,1568,NA,0.574775231,1485,54.8,64,21.3,15,11,16411,3502,61,NA,44.91,16,NA,1024000,64,6498145.186,0.258554719,NA,57.8,40.1,,
Bihar,2003,NA,NA,30.7,3,1601,NA,0.574588413,1482,110.3,76,23.1,16,11,-125.9,3502,60,NA,44.85,21,NA,1121000,64.4,7321873.367,0.274644937,NA,64.7,49.1,,
Bihar,2004,NA,NA,30.2,10,1192,NA,0.579421467,1480,106,90,24.9,19,12,1124,3537,61,NA,74.96,32,NA,751000,64.4,7458066.101,0.242799893,NA,70.2,41.1,,
Bihar,2005,NA,NA,30.4,3,1311,NA,0.567238816,1479,87.7,114,27.7,30,21,1212,3537,61,NA,85.86,43,54.4,1352000,64.4,8301079.077,0.22592922,NA,61.2,12.4,,
Bihar,2006,NA,NA,29.9,1,1656,NA,0.584775554,1466,99.7,139,30.3,42,41,2570.2,3537,60,NA,91,58,NA,1432000,64.4,8803644.395,0.214621542,NA,86.6,37,,
Bihar,2007,NA,NA,29.4,4,1546,NA,0.601891437,1456,91.4,182,32.4,66,60,3285.3,3642,58,NA,96.79,86,NA,1577000,66.3,10751022.04,0.229081226,NA,111.3,30.2,,
Bihar,2008,NA,NA,28.9,8,1766,0.367,0.608499678,1451,131.6,192,28.2,68,77,2477.7,3642,56,NA,107.14,96,NA,1739000,66.3,12132324.26,0.202258601,NA,138.2,17.1,,
Bihar,2009,NA,NA,28.5,3,1530,NA,0.611654282,1479,117,233,26.8,83,22,9462,3642,52,NA,117.48,70,NA,1960000,66.3,15184528.31,0.219023913,NA,163.4,25.1,,
Bihar,2010,NA,NA,28.1,10,1479,NA,0.607593202,1500,141.7,291,29,103,34,11297.4,3642,48,NA,126.75,84,53.5,2357000,66.3,17387709.42,0.185092668,NA,178.7,52.7,,
Bihar,2011,104099000,94,27.7,4,2098,NA,0.618293022,1521,196.7,352,29.5,122,46,16548.9,3642,44,63.82,134,117,NA,2673000,66.3,21724104.76,0.198004992,0.887049828,193.7,39.7,,
Bihar,2012,NA,NA,27.7,11,2366,NA,0.674512881,1537,286.2,414,29.7,154,49,10435.7,4105,43,NA,145.42,135,33.74,3113000,NA,25962525.78,0.202601019,NA,240.5,59.1,,
Bihar,2013,NA,NA,27.6,18,2018,NA,0.684880432,1555,294.6,498,30.5,206,73,9176.3,4168,42,NA,NA,156,NA,3617000,NA,31335725.17,0.206720271,NA,307.4,65.5,,
Bihar,2014,NA,NA,NA,NA,NA,NA,NA,1672,328.9,625,32.8,255,78,NA,4467,NA,NA,NA,175,NA,4163000,NA,36676902.16,0.179419341,NA,349.2,83.5,,
Bihar,2015,NA,NA,NA,NA,NA,NA,NA,1950,355.3,729,33.6,282,88,NA,4701,NA,NA,NA,185,NA,4778000,NA,42933056.17,0.171251178,NA,NA,NA,,
Gujarat,1981,34086000,52.4,NA,NA,NA,NA,NA,NA,NA,NA,NA,NA,NA,NA,NA,NA,44.92,NA,NA,NA,NA,NA,NA,NA,0.688963211,NA,NA,,
Gujarat,1983,NA,NA,NA,NA,NA,NA,NA,NA,NA,NA,NA,NA,NA,NA,NA,NA,NA,NA,NA,32.79,NA,NA,NA,NA,NA,NA,NA,,
Gujarat,1985,NA,NA,NA,NA,NA,NA,NA,NA,NA,NA,NA,NA,NA,NA,NA,NA,NA,NA,NA,NA,NA,NA,NA,NA,NA,NA,NA,,
Gujarat,1988,NA,NA,NA,NA,NA,NA,NA,NA,NA,NA,NA,NA,NA,NA,NA,NA,NA,NA,NA,31.54,NA,NA,NA,NA,NA,NA,NA,,
Gujarat,1990,NA,NA,29.6,5,1048,NA,NA,429,13.9,58,56.7,8.4,41.2,27033.5,NA,NA,NA,NA,3.7,NA,NA,NA,NA,NA,NA,NA,NA,,
Gujarat,1991,41310000,69.8,27.5,20,867,NA,0.275047259,429,16.7,68,57.7,9.3,46.3,27202.6,1572,NA,61.29,507,5,NA,2052391,61,2799606,0.251567899,0.655144033,19.9,18,,
Gujarat,1992,NA,NA,28.1,31,1255,NA,0.274207369,430,17.8,73,52.4,12.5,47,35599.1,1572,NA,NA,538,5.9,NA,2279298,61,3063170,0.238723283,NA,23.4,18.8,,
Gujarat,1993,NA,NA,28,24,946,NA,0.29328365,429,14.7,87,53,16.6,54.7,38674.2,1572,NA,NA,587,6.8,NA,2475104,61,4031578,0.255604133,NA,24.6,11.7,,
Gujarat,1994,NA,NA,27.1,24,1249,NA,0.289261619,428,19.5,88,46,13,51.8,54833.5,1570,NA,NA,608,7.2,24.21,NA,61,5176546.152,0.178322181,NA,28.4,5.3,,
Gujarat,1995,NA,NA,26.7,12,1094,NA,0.32668931,429,20.4,109,46.6,13.3,67.9,148111.3,1570,NA,NA,671,10.1,NA,3021000,64.1,6683547.35,0.212946913,NA,32.7,12.9,,
Gujarat,1996,NA,NA,25.7,16,1303,NA,0.319893948,424,23.2,134,52.9,15.5,88.2,95752,1570,NA,NA,694,11.7,NA,3378000,64.1,7564275.81,0.168114855,NA,36.7,17.5,,
Gujarat,1997,NA,NA,25.6,45,1400,NA,0.331151713,420,27.3,144,48.2,15.3,96.11,148793.7,1570,62,NA,704.61,12.3,NA,3777000,64.1,9032370.537,0.201738202,NA,40.7,23.6,,
Gujarat,1998,NA,NA,25.5,44,1426,NA,0.338741484,420,15.6,171,49,19,114,121871.4,2002,64,NA,790.24,14.8,NA,4206000,64.1,9595357.914,0.188973551,NA,49.5,31.8,,
Gujarat,1999,NA,NA,25.4,38,1186,NA,0.344580043,409,14.1,200,48.8,22.3,140.7,101005.9,2241,63,NA,840.88,17.5,NA,4680000,65,11080832.91,0.191718494,NA,66.1,56.2,,
Gujarat,2000,NA,NA,25.2,28,827,0.466,0.341785277,399,19.8,237,49,23.8,160.7,53882,2241,62,NA,853.97,23.6,14.07,5189000,65,11458331.11,0.135317875,NA,75.7,67.9,,
Gujarat,2001,50671000,84.1,24.9,24,1414,NA,0.320114943,395,20.7,267,48.5,26,167,287206.6,2461,60,69.14,817.18,28,NA,5576000,65,11591624.52,0.123613523,0.62641353,96.8,79.9,,
Gujarat,2002,NA,NA,24.7,39,1114,NA,0.332774362,397,12.4,288,44.1,38,207,64003.8,2461,60,NA,837.99,31,NA,6008000,65,12888471.34,0.137178888,NA,90.3,65.1,,
Gujarat,2003,NA,NA,24.6,55,1629,NA,0.342112689,396,50,323,44.8,41,243,74668.4,2461,57,NA,917.96,40,NA,6508000,66.1,14761775.66,0.119034159,NA,81.8,60.8,,
Gujarat,2004,NA,NA,24.3,100,1412,NA,0.359950968,389,30.4,357,42.2,45,265,85833.8,2871,53,NA,1280.8,68,NA,7087000,66.1,17530482.09,0.152948104,NA,89.9,91.6,,
Gujarat,2005,NA,NA,23.7,122,1551,NA,0.380207871,389,21.9,454,46.5,60,318,254828.2,2871,54,NA,1283.77,99,31.8,7817000,66.1,19724712.71,0.125880795,NA,101.3,87,,
Gujarat,2006,NA,NA,23.5,130,1423,NA,0.414441061,388,32.8,585,55.6,89,409,197099,2871,53,NA,1330.82,144,NA,8622000,66.1,23736421.7,0.13815088,NA,110,62.7,,
Gujarat,2007,NA,NA,23,167,1831,NA,0.447107648,391,45.5,764,63.7,122,538,232811.8,3245,52,NA,1493.25,199,NA,9497000,67.3,27514777.89,0.141961127,NA,131,56.5,,
Gujarat,2008,NA,NA,22.6,70,1595,0.527,0.459503726,409,58.3,1002,66.5,219,708,313510.4,3245,50,NA,1457.29,249,NA,10289000,67.3,31936648.55,0.14847296,NA,148.9,47.7,,
Gujarat,2009,NA,NA,22.3,66,1560,NA,0.455754871,418,73,1190,63.7,144,760,385802,3245,48,NA,1558.58,227,NA,10999000,67.3,35682998.74,0.132913435,NA,181.8,104.4,,
Gujarat,2010,NA,NA,21.8,51,1843,NA,0.443663241,419,61.2,1405,65.3,177,888,448230,3245,44,NA,1508.14,244,23,11873000,67.3,41827179.87,0.130299464,NA,231.7,151.5,,
Gujarat,2011,60440000,90.3,21.3,52,1874,NA,0.458187158,447,77.4,1717,66.2,205,1055,520937.5,3245,41,79.31,1663,295,NA,12993000,67.3,50581001.81,0.172551463,0.574040371,285.9,150.7,,
Gujarat,2012,NA,NA,21.1,39,1970,NA,0.481812624,476,84.4,2134,70.4,267,1292,534735.8,4032,38,NA,1796.29,339,16.63,14414000,NA,58074928.12,0.177352353,NA,303.5,110.3,,
Gujarat,2013,NA,NA,20.8,36,2097,NA,0.469285714,519,70.4,2613,72.8,312,1588,742140.2,3828,36,NA,NA,433,NA,15772000,NA,63870427.22,0.14753312,NA,380.6,164.9,,
Gujarat,2014,NA,NA,NA,NA,NA,NA,NA,581,88.5,3098,74.7,341,1829,NA,4694,NA,NA,NA,528,NA,17092000,NA,74257575.2,0.177701035,NA,418.8,184.2,,
Gujarat,2015,NA,NA,NA,NA,NA,NA,NA,640,98.1,3471,72.7,382,2051,NA,4971,NA,NA,NA,624,NA,18721000,NA,NA,NA,NA,NA,NA,,
Haryana,1981,12922000,55.1,NA,NA,NA,NA,NA,NA,NA,NA,NA,NA,NA,NA,NA,NA,37.13,NA,NA,NA,NA,NA,NA,NA,0.781225816,NA,NA,,
Haryana,1983,NA,NA,NA,NA,NA,NA,NA,NA,NA,NA,NA,NA,NA,NA,NA,NA,NA,NA,NA,21.37,NA,NA,NA,NA,NA,NA,NA,,
Haryana,1985,NA,NA,NA,NA,NA,NA,NA,NA,NA,NA,NA,NA,NA,NA,NA,NA,NA,NA,NA,NA,NA,NA,NA,NA,NA,NA,NA,,
Haryana,1988,NA,NA,NA,NA,NA,NA,NA,NA,NA,NA,NA,NA,NA,NA,NA,NA,NA,NA,NA,16.64,NA,NA,NA,NA,NA,NA,NA,,
Haryana,1990,NA,NA,31.9,2,2348,NA,NA,293,4.6,21,60.5,7.2,12.6,4101.2,NA,NA,NA,NA,1.5,NA,NA,NA,NA,NA,NA,NA,NA,,
Haryana,1991,16464000,74.3,33.1,4,2536,NA,0.715830377,291,4.5,24,85.2,8.3,14.6,7464.5,655,NA,55.85,460,2.1,NA,532966,63.4,1363643,0.433995555,0.753705053,7.8,3.9,,
Haryana,1992,NA,NA,32,1,2584,NA,0.779174147,293,5.8,25,55.3,8.1,14.5,9209.7,655,NA,NA,507,2.4,NA,700238,63.4,1633925,0.440109552,NA,7.8,3.8,,
Haryana,1993,NA,NA,30.9,2,2633,NA,0.764183185,293,7.1,29,55.3,8.7,16.9,-158674.2,656,NA,NA,491,2.9,NA,748720,63.4,1734330,0.451761775,NA,9.6,4.4,,
Haryana,1994,NA,NA,30.8,4,2730,NA,0.776440241,292,6.4,29,47.9,9.2,16,12689.8,656,NA,NA,467,3.2,25.05,NA,63.4,1737798.66,0.471947078,NA,10.9,4.8,,
Haryana,1995,NA,NA,29.9,12,2539,NA,0.770082173,292,7.7,34,45.5,9.4,21.3,21712.1,656,NA,NA,503,3.6,NA,955000,64.1,2060797.429,0.459734647,NA,13,5.3,,
Haryana,1996,NA,NA,28.8,7,2843,NA,0.782222966,292,10.6,40,44.7,9.7,25.7,23016.5,656,NA,NA,504,4.6,NA,1065000,64.1,2339092.717,0.409323732,NA,17,9.9,,
Haryana,1997,NA,NA,28.3,7,2763,NA,0.787783997,292,11.9,45,42.5,11.45,29.5,16181.4,656,68,NA,488.02,5.25,NA,1099000,64.1,2798718.566,0.419186002,NA,16.3,11,,
Haryana,1998,NA,NA,27.6,13,2700,NA,0.786097998,292,24.4,53,42.9,12.1,37.5,30331.8,938,70,NA,502.41,6.7,NA,1224000,64.1,3034810.52,0.38763253,NA,18.3,11.3,,
Haryana,1999,NA,NA,26.8,13,3047,NA,0.79778481,293,25.9,62,43.3,14.7,42.8,31209.5,1361,68,NA,530.2,8.1,NA,1410000,65.7,3427179.738,0.384891773,NA,24.7,22.4,,
Haryana,2000,NA,NA,26.9,14,3060,0.501,0.849892188,293,29.8,72,42.4,17.3,47.3,23930.6,1361,67,NA,544.31,11.3,8.74,1733000,65.7,3840515.958,0.363243877,NA,25.7,21.3,,
Haryana,2001,21145000,86.1,26.7,4,3128,NA,0.854129191,296,33.3,82,41,19,59,21585,1361,65,67.91,532.9,14,NA,1949000,65.7,4349479.69,0.346593412,0.710759045,33.9,22.6,,
Haryana,2002,NA,NA,26.6,10,3103,NA,0.840614118,298,52.6,102,43.7,27,58,25942.2,1361,62,NA,580.05,18,NA,2122000,65.7,4896824.736,0.311773135,NA,36.8,27.4,,
Haryana,2003,NA,NA,26.3,27,3068,NA,0.861903183,296,79.8,120,44,31,72,20273.8,1361,59,NA,618.98,26,NA,2279000,67.1,5421803.171,0.289993871,NA,28.1,14.7,,
Haryana,2004,NA,NA,25.1,51,3092,NA,0.836412023,298,93.2,146,47.6,40,72,36604.1,1468,61,NA,950.51,36,NA,2548000,67.1,6194307.173,0.283854665,NA,28.2,29.3,,
Haryana,2005,NA,NA,24.3,80,3045,NA,0.845758755,301,69.3,189,51.4,49,86,43150.4,1468,60,NA,1090.39,53,24.1,2854000,67.1,6994160.186,0.261824817,NA,35,12.1,,
Haryana,2006,NA,NA,23.9,33,3393,NA,0.837330873,306,106.5,283,57.4,71,98,52517.4,1468,57,NA,1208.21,100,NA,3087000,67.1,7949842.585,0.238942894,NA,47.4,2.9,,
Haryana,2007,NA,NA,23.4,42,3420,NA,0.854081952,318,106.6,346,56.9,99,126,73367.3,1512,55,NA,1295.69,100,NA,3528000,67.3,9398961.107,0.254162186,NA,56,-11.8,,
Haryana,2008,NA,NA,23,46,3387,0.552,0.859863735,326,123.8,448,60.1,110,175,86691.9,1512,54,NA,1278.85,101,NA,3973000,67.3,11068267.45,0.25399081,NA,73.4,12.6,,
Haryana,2009,NA,NA,22.7,104,3383,NA,0.852560148,343,154.3,534,61.4,125,261,81782.8,1512,51,NA,1491.37,123,NA,4425000,67.3,13326244.12,0.263000969,NA,98.1,65.6,,
Haryana,2010,NA,NA,22.3,88,3526,NA,0.873090852,368,179,691,63.3,157,312,103160.8,1518,48,NA,1485.07,144,20.1,4792000,67.3,16325424.16,0.237729294,NA,133.6,100.9,,
Haryana,2011,25351000,93.8,21.8,100,3879,NA,0.852113759,416,206.4,928,71.7,194,387,103374,1518,44,76.64,1628,206,NA,5377000,67.3,19028390.8,0.237043529,0.651216915,136.4,72.6,,
Haryana,2012,NA,NA,21.6,73,3689,NA,0.875327477,446,203.1,1158,79.4,231,518,252141.8,1633,42,NA,1722.3,195,11.16,5978000,NA,21807729.1,0.236541169,NA,162.7,71.5,,
Haryana,2013,NA,NA,21.3,47,3855,NA,0.889585947,508,214.6,1297,76.5,258,572,112183.4,1633,41,NA,NA,231,NA,6600000,NA,24922612.89,0.225195588,NA,189.9,103.6,,
Haryana,2014,NA,NA,NA,NA,NA,NA,NA,542,240.9,1509,78.1,332,592,NA,2050,NA,NA,NA,318,NA,7239000,NA,28395446.55,0.227581216,NA,181,83.1,,
Haryana,2015,NA,NA,NA,NA,NA,NA,NA,597,250.8,1689,75.8,348,650,NA,2307,NA,NA,NA,376,NA,7928000,NA,NA,NA,NA,NA,NA,,
Karnataka,1981,37136000,33.9,NA,NA,NA,NA,NA,NA,NA,NA,NA,NA,NA,NA,NA,NA,46.21,NA,NA,NA,NA,NA,NA,NA,0.711062042,NA,NA,,
Karnataka,1983,NA,NA,NA,NA,NA,NA,NA,NA,NA,NA,NA,NA,NA,NA,NA,NA,NA,NA,NA,38.24,NA,NA,NA,NA,NA,NA,NA,,
Karnataka,1985,NA,NA,NA,NA,NA,NA,NA,NA,NA,NA,NA,NA,NA,NA,NA,NA,NA,NA,NA,NA,NA,NA,NA,NA,NA,NA,NA,,
Karnataka,1988,NA,NA,NA,NA,NA,NA,NA,NA,NA,NA,NA,NA,NA,NA,NA,NA,NA,NA,NA,37.53,NA,NA,NA,NA,NA,NA,NA,,
Karnataka,1990,NA,NA,28,NA,910,NA,NA,1089,10.1,69,82.2,16,29.9,8674.4,NA,NA,NA,NA,6.05,NA,NA,NA,NA,NA,NA,NA,NA,,
Karnataka,1991,44977000,71.7,26.9,NA,1103,NA,0.220937155,1073,12.9,77,79.1,17.3,32.9,7490.3,1997,NA,56.04,299,7.7,NA,1432769,62.5,2330040,0.312343565,0.690775285,18.4,5.6,,
Karnataka,1992,NA,NA,26.3,NA,1156,NA,0.228695933,1077,15.1,86,76.8,18.5,37,14808,1997,NA,NA,303,8.8,NA,1582099,62.5,3009173,0.335273512,NA,23,9.2,,
Karnataka,1993,NA,NA,25.5,5,1240,NA,0.225749275,1078,18.8,91,65.8,19.9,39.3,15904.5,1997,NA,NA,328,10.1,NA,1718494,62.5,3303585,0.332076214,NA,25.6,13.9,,
Karnataka,1994,NA,NA,25,9,1152,NA,0.238980051,1076,15.9,104,65.6,21.8,45.2,25603.3,1997,NA,NA,364,11.4,33.16,NA,62.5,3392781.795,0.378434594,NA,30.6,12.5,,
Karnataka,1995,NA,NA,24.1,18,1261,NA,0.243319737,1077,19.3,130,65.8,25.3,56.6,33729.6,1997,NA,NA,362,13.7,NA,2014000,64.4,3957386.613,0.356424192,NA,34.5,15.1,,
Karnataka,1996,NA,NA,23,19,1249,NA,0.237916039,1078,17.8,165,70,28.3,73.8,41418.2,1997,NA,NA,340,19.9,NA,2250000,64.4,4642846.799,0.347826898,NA,40,14.6,,
Karnataka,1997,NA,NA,22.7,58,1134,NA,0.233563032,1078,17.1,19,70.9,32.3,81.7,53418.8,1997,53,NA,387.09,25.1,NA,2543000,64.4,5382962.758,0.338951867,NA,45.3,19.4,,
Karnataka,1998,NA,NA,22,11,1348,NA,0.248995297,1080,13.8,218,68.4,36.3,92.4,114047.2,2366,58,NA,350.64,29.8,NA,2804000,64.4,6032961.442,0.304870543,NA,48.9,16.1,,
Karnataka,1999,NA,NA,22.3,8,1286,NA,0.253248863,1094,13.3,251,65.4,43.1,105.3,55963.7,3234,58,NA,367.02,36.2,NA,3067000,65.4,7254915.591,0.308507433,NA,58.5,31.1,,
Karnataka,2000,NA,NA,22,8,1412,0.432,0.261387121,1102,12.7,291,63.3,52.8,117.3,34768.5,3394,57,NA,411.74,49,20.04,3393000,65.4,7843877.479,0.309009072,NA,68,42.8,,
Karnataka,2001,52851000,84.6,22.2,15,1212,NA,0.266281342,1106,14.7,334,61,53,139,37047.5,3570,58,60.47,427.76,58,NA,3537000,65.4,8395035.116,0.30508304,0.660138881,75.4,42.2,,
Karnataka,2002,NA,NA,22.1,9,949,NA,0.264695801,1108,22.1,388,61.6,67,169,30994.9,3570,55,NA,462.8,84,NA,3636000,65.4,8742483.094,0.247522181,NA,76.4,58.7,,
Karnataka,2003,NA,NA,21.8,19,954,NA,0.24635796,1109,42.7,469,62.3,78,212,28445.1,3570,52,NA,481.73,115,NA,3738000,66.6,9365535.843,0.214234521,NA,75.7,52.8,,
Karnataka,2004,NA,NA,20.9,41,1388,NA,0.235982533,1124,31.1,591,63.1,97,215,60742.5,3843,49,NA,679.84,175,NA,3977000,66.6,10148082.46,0.172459167,NA,83.2,45,,
Karnataka,2005,NA,NA,20.6,42,1776,NA,0.25985789,1120,26.9,795,73.8,125,286,115074.5,3843,50,NA,720.43,259,33.4,5436000,66.6,12103176.91,0.189869595,NA,97.6,36,,
Karnataka,2006,NA,NA,20.1,27,1289,NA,0.278805558,1120,23.4,1013,75.9,156,445,102757.7,3843,48,NA,805.5,374,NA,6220000,66.6,14219504.81,0.199074816,NA,116.8,36.9,,
Karnataka,2007,NA,NA,19.9,35,1548,NA,0.289676797,1128,38,1307,76.3,205,614,132143.6,3843,47,NA,834.43,457,NA,5486000,67.5,16493779.16,0.175203346,NA,144.1,46.9,,
Karnataka,2008,NA,NA,19.8,20,1511,0.519,0.2938804,1151,43.3,1638,78.1,245,683,232030.2,3843,45,NA,854.35,511,NA,6217000,67.5,19643325.33,0.172556733,NA,176.4,53.3,,
Karnataka,2009,NA,NA,19.5,29,1377,NA,0.318725744,1177,47,1982,77.3,267,735,266936.8,4396,41,NA,873.05,547,NA,6953000,67.5,22523716.16,0.156625734,NA,204.4,87.3,,
Karnataka,2010,NA,NA,19.2,87,1684,NA,0.318185349,1197,61,2248,77.6,310,819,260020.9,4396,38,NA,925.02,550,23.6,9044000,67.5,24501352.69,0.165891238,NA,251,108.7,,
Karnataka,2011,61095000,87.5,18.8,85,1629,NA,0.327591487,1213,77.4,2526,72.7,370,909,313352.6,4396,35,75.6,1081,613,NA,9930000,67.5,29810486.11,0.181943482,0.613290777,286.9,106.9,,
Karnataka,2012,NA,NA,18.5,96,1488,NA,0.343063272,1272,85.4,2928,71.4,452,1059,278595.2,4396,32,NA,1129.09,718,20.91,10910000,NA,33041142.02,0.162957138,NA,323.7,123,,
Karnataka,2013,NA,NA,18.3,76,1620,NA,0.341079333,1325,88.8,3323,71.9,543,1250,214747.9,4642,31,NA,NA,864,NA,12064000,NA,37937688.27,0.162217376,NA,378.3,145.1,,
Karnataka,2014,NA,NA,NA,NA,NA,NA,NA,1472,91,3814,71,734,1408,NA,6177,NA,NA,NA,993,NA,13335000,NA,44610649.28,0.170798139,NA,415.9,170.9,,
Karnataka,2015,NA,NA,NA,NA,NA,NA,NA,1621,140.2,4292,67.7,763,1555,NA,6432,NA,NA,NA,1209,NA,14785000,NA,50963505.32,0.176535253,NA,NA,NA,,
Kerala,1981,25454000,12.2,NA,NA,NA,NA,NA,NA,NA,NA,NA,NA,NA,NA,NA,NA,78.85,NA,NA,NA,NA,NA,NA,NA,0.812524554,NA,NA,,
Kerala,1983,NA,NA,NA,NA,NA,NA,NA,NA,NA,NA,NA,NA,NA,NA,NA,NA,NA,NA,NA,40.42,NA,NA,NA,NA,NA,NA,NA,,
Kerala,1985,NA,NA,NA,NA,NA,NA,NA,NA,NA,NA,NA,NA,NA,NA,NA,NA,NA,NA,NA,NA,NA,NA,NA,NA,NA,NA,NA,,
Kerala,1988,NA,NA,NA,NA,NA,NA,NA,NA,NA,NA,NA,NA,NA,NA,NA,NA,NA,NA,NA,31.79,NA,NA,NA,NA,NA,NA,NA,,
Kerala,1990,NA,NA,19.6,7,1872,NA,NA,277,5.5,41,63.1,7.2,14.7,4291.5,NA,NA,NA,NA,4.4,NA,NA,NA,NA,NA,NA,NA,NA,,
Kerala,1991,29099000,18.9,18.3,6,1886,NA,0.126821192,269,7.9,46,59.1,8,16.4,4444.3,817,NA,89.81,196,5.4,NA,647742,72.9,1409810,0.265679772,0.736039039,14.8,8,,
Kerala,1992,NA,NA,17.7,13,1953,NA,0.128103277,269,7.1,50,51.7,8.5,17.4,5979,817,NA,NA,200,6.3,NA,708172,72.9,1752967,0.317869076,NA,15.9,8,,
Kerala,1993,NA,NA,17.4,16,1930,NA,0.123400066,269,8.4,56,46.5,9,19.1,6929.9,1011,NA,NA,215,8.1,NA,781398,72.9,1993723,0.28783487,NA,17.9,7.3,,
Kerala,1994,NA,NA,17.4,2,1873,NA,0.135765943,269,8.9,65,44,9.8,21.3,8839.9,1011,NA,NA,237,9.91,25.43,NA,72.9,2129296.164,0.293807414,NA,20.6,9.4,,
Kerala,1995,NA,NA,18,1,1943,NA,0.166010499,269,11,77,44.8,11.4,24.3,14075.6,1011,NA,NA,249,12.5,NA,1006000,71.7,2578239.551,0.298418189,NA,23.9,11.1,,
Kerala,1996,NA,NA,18,17,503,NA,0.151989563,269,11.5,89,44.5,12.8,27.8,9971.1,1011,NA,NA,241,17,NA,1170000,71.7,3135166.625,0.302725196,NA,26.9,13,,
Kerala,1997,NA,NA,17.9,26,1856,NA,0.154253558,272,15.8,105,45.4,14,30.8,13128.9,1011,12,NA,261.8,22.2,NA,1355000,71.7,3595997.212,0.294652863,NA,32.1,15.4,,
Kerala,1998,NA,NA,18.3,33,1942,NA,0.14045133,273,17.5,122,44.2,17,34.2,12776.3,940,16,NA,301.68,27.7,NA,1508000,71.7,4002393.531,0.266238315,NA,42.4,24.1,,
Kerala,1999,NA,NA,18,21,2094,NA,0.144326363,273,18.2,138,41.7,18.5,38.7,9911.6,1010,14,NA,315.03,27.9,NA,1508000,72.5,4545855.402,0.245107889,NA,46.6,30.1,,
Kerala,2000,NA,NA,17.9,64,2095,0.677,0.156895403,288,19.4,162,41.5,21.3,44.5,6615.5,1230,14,NA,328.88,35.3,12.72,1782000,72.5,5057846.969,0.240873395,NA,54.3,45.4,,
Kerala,2001,31841000,23.4,17.2,58,2097,NA,0.151555261,318,25.9,191,43.3,25,47,9634.6,1440,11,90.86,280.8,45,NA,2112000,72.5,5313074.629,0.204903533,0.740366195,52.4,38.8,,
Kerala,2002,NA,NA,16.9,45,2151,NA,0.144385027,334,44.3,224,43.3,27,50,6471.8,1440,10,NA,284.53,55,NA,2315000,72.5,5698064.49,0.200138493,NA,49.3,32.7,,
Kerala,2003,NA,NA,16.7,26,1935,NA,0.144444444,353,51.6,255,42.8,31,57,5650,1440,11,NA,291.11,71,NA,2552000,74.1,6354056.964,0.198515932,NA,63.4,49.9,,
Kerala,2004,NA,NA,15.2,23,2278,NA,0.143872715,357,113.9,310,45.5,44,66,9918.3,1440,12,NA,397.98,110,NA,2792000,74.1,7070907.278,0.190622729,NA,59.2,55.4,,
Kerala,2005,NA,NA,15,33,2219,NA,0.151869159,359,84.1,377,54.6,45,84,9828.4,1440,14,NA,424.13,150,19.7,3122000,74.1,8062600.656,0.178525906,NA,73.4,44.5,,
Kerala,2006,NA,NA,14.9,26,2331,NA,0.154052244,369,78.5,494,61.4,58,91,15935.1,1440,15,NA,440.77,194,NA,3559000,74.1,9250909.444,0.173632389,NA,75.2,41.8,,
Kerala,2007,NA,NA,14.7,62,2221,NA,0.167923235,371,96.6,583,60.9,85,100,14987.2,1440,13,NA,443.85,237,NA,3957000,74.4,10396314.68,0.169764955,NA,71.9,38.2,,
Kerala,2008,NA,NA,14.6,85,2440,0.79,0.164795364,373,105.2,697,63.4,121,116,25235,1457,12,NA,444,282,NA,4430000,74.4,11840057.24,0.159053849,NA,90.1,61,,
Kerala,2009,NA,NA,14.7,71,2470,NA,0.169944341,385,141.4,807,59.7,123,122,28505.5,1457,12,NA,536.78,345,NA,4860000,74.4,13708718.94,0.154136848,NA,108.6,63.5,,
Kerala,2010,NA,NA,14.8,71,2400,NA,0.170475834,404,150.4,960,63.1,170,137,21864.4,1457,13,NA,550.8,393,12,5398000,74.4,15683799.21,0.139163004,NA,120.3,78.7,,
Kerala,2011,33406000,33.5,15.2,40,2695,NA,0.176426143,404,279.7,1250,73.1,232,165,22343.6,1457,12,93.91,594,447,NA,6072000,74.4,17831858.58,0.16168364,0.522989882,136.2,77.3,,
Kerala,2012,NA,NA,14.9,29,2547,NA,0.205108941,404,205.3,1532,76.4,289,184,26686,1457,12,NA,630.07,503,7.05,6893000,NA,21137904.78,0.161927408,NA,187.4,128.1,,
Kerala,2013,NA,NA,14.7,24,2530,NA,0.176697531,496,198.9,1731,73.1,354,243,77928.4,1457,12,NA,NA,614,NA,7858000,NA,23515069.94,0.14523128,NA,216.5,150,,
Kerala,2014,NA,NA,NA,NA,NA,NA,NA,509,251.4,1906,67.7,409,286,NA,1700,NA,NA,NA,663,NA,8775000,NA,26789871.39,0.136363059,NA,239.5,169.4,,
Kerala,2015,NA,NA,NA,NA,NA,NA,NA,558,271.4,2122,64.6,544,309,NA,1811,NA,NA,NA,677,NA,9648000,NA,NA,NA,NA,NA,NA,,
Madhya.Pradesh,1981,38169000,20.2,NA,NA,NA,NA,NA,NA,NA,NA,NA,NA,NA,NA,NA,NA,38.63,NA,NA,NA,NA,NA,NA,NA,0.776546412,NA,NA,,
Madhya.Pradesh,1983,NA,NA,NA,NA,NA,NA,NA,NA,NA,NA,NA,NA,NA,NA,NA,NA,NA,NA,NA,49.78,NA,NA,NA,NA,NA,NA,NA,,
Madhya.Pradesh,1985,NA,NA,NA,NA,NA,NA,NA,NA,NA,NA,NA,NA,NA,NA,NA,NA,NA,NA,NA,NA,NA,NA,NA,NA,NA,NA,NA,,
Madhya.Pradesh,1988,NA,NA,NA,NA,NA,NA,NA,NA,NA,NA,NA,NA,NA,NA,NA,NA,NA,NA,NA,43.07,NA,NA,NA,NA,NA,NA,NA,,
Madhya.Pradesh,1990,NA,NA,37.1,15,1001,NA,NA,1617,11.5,44,66.1,11,18.3,17961.3,NA,NA,NA,NA,2.8,NA,NA,NA,NA,NA,NA,NA,NA,,
Madhya.Pradesh,1991,48566000,53.4,35.8,7,920,NA,0.185552764,1603,12.2,50,64.7,12,20.9,14291.3,2976,NA,44.67,267,3.74,NA,1460362,54.7,3047198,0.348312778,0.747271754,24.4,10.2,,
Madhya.Pradesh,1992,NA,NA,34.9,0,979,NA,0.206028845,1609,15.1,53,61,12.7,21.8,34645.8,2976,NA,NA,281,4.5,NA,1638402,54.7,3260858,0.343962233,NA,26.6,9.8,,
Madhya.Pradesh,1993,NA,NA,33.5,7,1079,NA,0.206577897,1608,13.6,59,60.9,14.4,22,31880.5,2976,NA,NA,311,5.3,NA,1762352,54.7,3658252,0.332355453,NA,30.2,8.8,,
Madhya.Pradesh,1994,NA,NA,33,21,1088,NA,0.222683153,1607,15.1,61,55,14.7,23.23,58943.2,2976,NA,NA,335,6.2,42.52,NA,54.7,3921646.144,0.345998581,NA,35.1,9.8,,
Madhya.Pradesh,1995,NA,NA,33.2,52,1032,NA,0.245898983,1593,14.5,66,49.6,14,25.3,47499.1,2976,NA,NA,367,6.6,NA,2070000,56.6,4372731.222,0.318497407,NA,38.5,14.2,,
Madhya.Pradesh,1996,NA,NA,32.3,52,1101,NA,0.24672524,1579,16.3,89,56.2,17.4,39.7,37885.4,2976,NA,NA,367,8.9,NA,2310000,56.6,4940987.56,0.307816276,NA,44.2,16.3,,
Madhya.Pradesh,1997,NA,NA,31.9,74,972,NA,0.257632313,1581,25,98,52.5,20.4,42.7,36259.5,2976,94,NA,377.51,11,NA,2569000,56.6,5685480.006,0.317166971,NA,52.7,19.3,,
Madhya.Pradesh,1998,NA,NA,30.7,84,1091,NA,0.251473704,1565,46.5,117,52.8,24.7,53.3,24582.6,3380,98,NA,398.17,13.8,NA,2832000,56.6,6203168.347,0.302438713,NA,56.2,18.2,,
Madhya.Pradesh,1999,NA,NA,31.1,80,1208,NA,0.261966091,1553,87.1,128,48.8,27.5,62,18548,4994,90,NA,353.13,14.4,NA,3124000,58.8,7148630.418,0.305995206,NA,68.9,41.3,,
Madhya.Pradesh,2000,NA,NA,31.4,81,945,0.285,0.270576564,1541,48.1,152,49.1,32,66.4,16557,5174,87,NA,294.82,20.4,37.43,3457000,58.8,8045578.733,0.289574953,NA,74.2,39.1,,
Madhya.Pradesh,2001,60348000,68.4,30.8,69,1148,NA,0.239787353,1075,42,138,47.6,31,62,9023.2,6438,86,63.74,273.04,23,NA,3095000,58.8,7952328.572,0.235383273,0.735417909,71.5,27.1,,
Madhya.Pradesh,2002,NA,NA,30.4,74,943,NA,0.257246377,1071,67.4,154,46.6,38,59,10368.1,6438,85,NA,278.16,27,NA,3173000,58.8,8709535.946,0.263841633,NA,60.1,36.5,,
Madhya.Pradesh,2003,NA,NA,30.2,64,1248,NA,0.256167718,1060,183.5,175,46.6,44,67,13824.1,4664,82,NA,283.54,37,NA,3459000,60.7,8718267.073,0.232889982,NA,71.6,40.6,,
Madhya.Pradesh,2004,NA,NA,29.8,72,1131,NA,0.291894077,1058,216.2,207,46.9,54,56,26371.7,5200,79,NA,516.62,57,NA,3804000,60.7,10325404.86,0.292279222,NA,67.9,73.2,,
Madhya.Pradesh,2005,NA,NA,29.4,82,1130,NA,0.306538633,1046,164,262,54.7,73,77,26985,5200,76,NA,580.34,76,48.6,4188000,60.7,10723939.23,0.260889801,NA,72.7,64.9,,
Madhya.Pradesh,2006,NA,NA,29.1,144,1167,NA,0.299775602,1033,144.6,336,60.5,95,86,36950.9,5200,74,NA,581.73,103,NA,4609000,60.7,11801690.15,0.263263687,NA,94.3,45.7,,
Madhya.Pradesh,2007,NA,NA,28.5,111,1069,NA,0.325311987,1031,154.6,405,61.8,107,111,46602.1,4670,72,NA,623.14,112,NA,5047000,62.8,13729528.24,0.252718056,NA,106.6,27.5,,
Madhya.Pradesh,2008,NA,NA,28,70,1168,0.375,0.321659483,1036,233.7,489,60.1,139,154,49052.3,4670,70,NA,583.75,125,NA,5523000,62.8,15334657.37,0.238039987,NA,126,27.8,,
Madhya.Pradesh,2009,NA,NA,27.7,34,1285,NA,0.325022995,1070,225.2,575,57.4,174,180,48710.2,4670,67,NA,618.1,144,NA,6011000,62.8,18734049.8,0.238638234,NA,146.9,44.3,,
Madhya.Pradesh,2010,NA,NA,27.3,45,1162,NA,0.334500957,1085,237,716,60.6,213,218,65591.8,5027,62,NA,674.48,163,36.7,6591000,62.8,21609588.11,0.249183033,NA,176.3,62,,
Madhya.Pradesh,2011,72627000,78,26.9,49,1510,NA,0.336614352,1094,251.7,768,55.6,211,257,81223.2,5027,59,70.63,672,174,NA,7356000,62.8,25012995.6,0.240404478,0.723656491,234.5,52.7,,
Madhya.Pradesh,2012,NA,NA,26.6,54,1676,NA,0.365429028,1106,254.7,945,56.6,270,298,115855.4,5064,56,NA,752.74,205,31.65,8144000,NA,28978904.53,0.250023624,NA,271.3,57.6,,
Madhya.Pradesh,2013,NA,NA,26.3,143,1603,NA,0.387635106,1127,319.3,1157,58.2,292,347,158500.7,5116,54,NA,NA,218,NA,8760000,NA,34307515.83,0.281992004,NA,333.7,94.2,,
Madhya.Pradesh,2014,NA,NA,NA,NA,NA,NA,NA,1200,332.6,1358,60.4,397,358,NA,5116,NA,NA,NA,288,NA,9722000,NA,41283496.04,0.332745238,NA,357.4,98.8,,
Madhya.Pradesh,2015,NA,NA,NA,NA,NA,NA,NA,1234,380.4,1530,54.8,464,382,NA,5184,NA,NA,NA,344,NA,11141000,NA,48242063.74,0.372163895,NA,NA,NA,,
Maharashtra,1981,62783000,42.3,NA,NA,NA,NA,NA,NA,NA,NA,NA,NA,NA,NA,NA,NA,57.24,NA,NA,NA,NA,NA,NA,NA,0.649682239,NA,NA,,
Maharashtra,1983,NA,NA,NA,NA,NA,NA,NA,NA,NA,NA,NA,NA,NA,NA,NA,NA,NA,NA,NA,43.44,NA,NA,NA,NA,NA,NA,NA,,
Maharashtra,1985,NA,NA,NA,NA,NA,NA,NA,NA,NA,NA,NA,NA,NA,NA,NA,NA,NA,NA,NA,NA,NA,NA,NA,NA,NA,NA,NA,,
Maharashtra,1988,NA,NA,NA,NA,NA,NA,NA,NA,NA,NA,NA,NA,NA,NA,NA,NA,NA,NA,NA,40.41,NA,NA,NA,NA,NA,NA,NA,,
Maharashtra,1990,NA,NA,27.5,62,846,NA,NA,596,20.2,228,69.4,14.6,121.2,47004.5,NA,NA,NA,NA,9.5,NA,NA,NA,NA,NA,NA,NA,NA,,
Maharashtra,1991,78937000,68.5,26.2,56,641,NA,0.151843719,590,20,277,72.3,16.1,140.81,52910.1,2949,NA,64.87,432,16.4,NA,2703355,64.8,6443326,0.193977458,0.61309652,37.9,16.1,,
Maharashtra,1992,NA,NA,25.3,54,1011,NA,0.162171559,590,24.7,321,60.7,17.8,166.6,77353.6,2949,NA,NA,439,19.3,NA,2900184,64.8,7340611,0.171878063,NA,46,16.6,,
Maharashtra,1993,NA,NA,25.2,38,957,NA,0.154078693,591,28.7,398,63.7,19.3,210.4,81967.4,2959,NA,NA,459,23.4,NA,2963765,64.8,9092146,0.197453604,NA,55.6,25.9,,
Maharashtra,1994,NA,NA,25.1,49,852,NA,0.147087673,591,52.1,404,56.4,18.1,195.2,93813.8,2953,NA,NA,500,26.1,36.86,NA,64.8,10392322.88,0.186129706,NA,62,22.6,,
Maharashtra,1995,NA,NA,24.5,126,874,NA,0.147438899,592,42.1,555,69.5,20.9,261,134006.1,2953,NA,NA,545,29.2,NA,3621000,65.5,11928770.15,0.181647081,NA,67.2,28.6,,
Maharashtra,1996,NA,NA,23.4,77,1055,NA,0.14765321,592,41.6,693,79.6,28.2,363.3,196007.4,2958,NA,NA,556,37.1,NA,4033000,65.5,14473193.41,0.166601091,NA,83.6,41.5,,
Maharashtra,1997,NA,NA,23.1,38,724,NA,0.172604873,590,47.8,761,74.4,32.4,425.6,124853.6,2958,47,NA,577.37,41.1,NA,4516000,65.5,16444241.45,0.197455851,NA,92,49.5,,
Maharashtra,1998,NA,NA,22.5,33,974,NA,0.172699214,588,18.2,873,73.4,34.5,480.5,87912.1,3100,49,NA,594.07,49,NA,5040000,65.5,17898489.88,0.15160974,NA,106.1,64.4,,
Maharashtra,1999,NA,NA,21.1,37,931,NA,0.178702117,588,16.6,1009,75.8,39.8,541.2,94079.7,3626,48,NA,571.55,60.9,NA,5518000,66.7,19231053.66,0.154265517,NA,114.1,74.6,,
Maharashtra,2000,NA,NA,21,84,757,0.501,0.181133664,584,22.2,1298,86.4,47.5,662,85459.5,3626,48,NA,551.5,80.9,25.02,6114000,66.7,22306372.05,0.152321451,NA,128.4,117.1,,
Maharashtra,2001,96879000,79.8,20.6,117,874,NA,0.178176604,584,21.9,1490,86.4,50,688,71327,3626,45,76.88,507.9,97,NA,6760000,66.7,22707136.64,0.146333262,0.57574913,154.3,89.8,,
Maharashtra,2002,NA,NA,20.3,105,846,NA,0.177552284,585,32.5,2054,92.3,65,790,78486.6,3626,45,NA,538.53,121,NA,7414000,66.7,24588725.11,0.146849672,NA,154.5,109,,
Maharashtra,2003,NA,NA,19.9,131,860,NA,0.181965959,583,47,2340,93.7,75,883,135275.7,3626,42,NA,559.35,166,NA,8134000,69.1,26955079.59,0.13616898,NA,157,142.9,,
Maharashtra,2004,NA,NA,19.1,193,836,NA,0.184227129,585,35.1,2603,81.8,100,900,137086.3,4176,36,NA,898.65,293,NA,8969000,69.1,30656275.24,0.138441787,NA,188.8,179.3,,
Maharashtra,2005,NA,NA,19,195,948,NA,0.178379828,577,21.4,3628,94.9,123,1255,188861.7,4176,36,NA,934.43,457,38.1,9936000,69.1,34769291.89,0.121064332,NA,204.3,186.2,,
Maharashtra,2006,NA,NA,18.5,134,940,NA,0.179242774,571,35.7,4969,102.2,207,1704,251061.1,4176,35,NA,975.43,647,NA,10966000,69.1,40734833.33,0.119768786,NA,242.7,176.3,,
Maharashtra,2007,NA,NA,18.1,97,1150,NA,0.18767445,570,51.2,6338,96.8,244,2302,273244,4176,34,NA,1025.41,842,NA,12171000,70.3,48913509.47,0.127427957,NA,282.8,115.5,,
Maharashtra,2008,NA,NA,17.9,151,1001,0.572,0.192584418,569,54.8,8100,93.9,265,2791,364740.9,4176,33,NA,969.4,834,NA,13335000,70.3,57308667.88,0.138081657,NA,297.2,-28.2,,
Maharashtra,2009,NA,NA,17.6,137,1039,NA,0.192749621,569,52.5,9104,91.2,277,3483,302445.3,4176,31,NA,1054.1,1107,NA,14451000,70.3,63095679.73,0.114729399,NA,365,140,,
Maharashtra,2010,NA,NA,17.1,85,1184,NA,0.192464178,584,66.8,9969,82.9,353,4135,363678,4191,28,NA,1095.99,963,24.5,15768000,70.3,71613221.99,0.117272973,NA,473.6,261.6,,
Maharashtra,2011,112374000,83.4,16.7,103,1155,NA,0.194002157,583,74.4,12066,83,376,4657,465577.4,4191,25,82.91,1204,1213,NA,17434000,70.3,87797806.37,0.149215613,0.547777956,538.3,188.6,,
Maharashtra,2012,NA,NA,16.6,146,1038,NA,0.189178138,630,90.2,14047,91.8,440,5420,565306.6,4257,25,NA,1239.33,1358,17.35,19432000,NA,97921242.89,0.135316689,NA,611.3,199.7,,
Maharashtra,2013,NA,NA,16.5,120,1207,NA,0.184739874,650,105.1,15909,89.4,613,6460,560994.5,4498,24,NA,NA,1486,NA,21488000,NA,110649776.5,0.125644096,NA,700.3,137.4,,
Maharashtra,2014,NA,NA,NA,NA,NA,NA,NA,680,158.5,18212,89.8,718,7406,NA,6249,NA,NA,NA,1813,NA,23394000,NA,126374950.3,0.129506433,NA,782,260.2,,
Maharashtra,2015,NA,NA,NA,NA,NA,NA,NA,699,186.5,19773,92,748,7846,NA,7048,NA,NA,NA,2013,NA,25562000,NA,141150538.8,0.106544001,NA,NA,NA,,
Odisha,1981,26370000,14.6,NA,NA,NA,NA,NA,NA,NA,NA,NA,NA,NA,NA,NA,NA,33.62,NA,NA,NA,NA,NA,NA,NA,0.88206295,NA,NA,,
Odisha,1983,NA,NA,NA,NA,NA,NA,NA,NA,NA,NA,NA,NA,NA,NA,NA,NA,NA,NA,NA,65.29,NA,NA,NA,NA,NA,NA,NA,,
Odisha,1985,NA,NA,NA,NA,NA,NA,NA,NA,NA,797,NA,NA,NA,NA,NA,NA,NA,NA,NA,NA,NA,NA,NA,NA,NA,NA,NA,,
Odisha,1988,NA,NA,NA,NA,NA,NA,NA,NA,NA,NA,NA,NA,NA,NA,NA,NA,NA,NA,NA,55.58,NA,NA,NA,NA,NA,NA,NA,,
Odisha,1990,NA,NA,30,6,1003,NA,NA,825,8.6,21,90,4.7,6.7,7671.8,NA,NA,NA,NA,1.6,NA,NA,NA,NA,NA,NA,NA,NA,,
Odisha,1991,31660000,39.1,28.8,5,1141,NA,0.241192412,819,10.1,19,69.2,4.4,6.6,12157.1,1624,NA,49.09,298,1.7,NA,424060,56.5,1090375,0.297369254,0.866234997,11.1,6.2,,
Odisha,1992,NA,NA,27.8,11,1066,NA,0.257794987,821,8.7,22,69,4.5,7.9,12573.8,1624,NA,NA,297,2.2,NA,466201,56.5,1401249,0.32656794,NA,13.1,9.1,,
Odisha,1993,NA,NA,27.2,7,1263,NA,0.262425658,821,9.7,24,67,5,8.7,19811.4,1624,NA,NA,313,2.5,NA,501848,56.5,1513752,0.289338016,NA,14.9,7.4,,
Odisha,1994,NA,NA,28,21,1231,NA,0.257515133,822,9.5,25,60.1,5.5,8.8,22542,1624,NA,NA,333,2.8,48.56,NA,56.5,1500128.232,0.411618145,NA,17.5,9,,
Odisha,1995,NA,NA,27.8,14,1201,NA,0.258124229,821,8.6,29,54.5,5.9,9.7,22520.7,1624,NA,NA,370,3.4,NA,595000,58,1798534.354,0.40211768,NA,18.6,11.6,,
Odisha,1996,NA,NA,27,15,903,NA,0.27192801,821,11.9,34,55.9,6.8,12.2,61808.7,1625,NA,NA,309,4.7,NA,658000,58,2194565.113,0.437823494,NA,21.9,14,,
Odisha,1997,NA,NA,26.5,12,1211,NA,0.275438169,822,13.2,34,45.9,7.2,11.2,26637,1625,96,NA,308.18,5,NA,727000,58,2144939.472,0.38877202,NA,24.7,16,,
Odisha,1998,NA,NA,25.7,5,1079,NA,0.268131868,823,25.8,41,47.6,8.9,13.2,9627,1706,98,NA,321.16,7.4,NA,810000,58,2608699.386,0.421462151,NA,26.4,18,,
Odisha,1999,NA,NA,24.1,9,1025,NA,0.279881306,838,17.8,45,43.3,8.3,13.7,-3632.6,2515,97,NA,334.24,8.1,NA,876000,59.7,2879516.465,0.40365708,NA,32.5,29.2,,
Odisha,2000,NA,NA,24.3,15,950,0.275,0.294697325,839,24,53,41.5,9.3,15.1,7322.8,2863,95,NA,342.89,10.7,47.15,982000,59.7,3133001.27,0.357048699,NA,48.9,37.5,,
Odisha,2001,36805000,64.2,23.4,10,1399,NA,0.269865448,829,29.8,61,40.2,10,18,15798.3,3301,90,63.08,324.55,14,NA,1096000,59.7,3159594.488,0.311545134,0.850074718,40.6,33.3,,
Odisha,2002,NA,NA,23.2,7,716,NA,0.289351063,832,25.1,82,44.5,12,32,14361.9,3301,87,NA,345.97,22,NA,1215000,59.7,3407749.504,0.334392545,NA,41.2,39.6,,
Odisha,2003,NA,NA,23,14,1328,NA,0.218005858,827,46.3,96,48.2,13,40,7627.1,3301,83,NA,373.45,27,NA,1359000,61.7,3623258.28,0.318460457,NA,42.1,28.2,,
Odisha,2004,NA,NA,22.7,13,1300,NA,0.291536413,832,38,122,53.7,14,37,19845.1,3704,77,NA,724.28,45,NA,1525000,61.7,4446507.385,0.34422958,NA,43.6,35.7,,
Odisha,2005,NA,NA,22.3,19,1349,NA,0.308671714,829,22.4,164,61.8,21,73,66662.2,3704,75,NA,633.93,63,57.2,1715000,61.7,5223900.737,0.295819343,NA,46,13.7,,
Odisha,2006,NA,NA,21.9,55,1359,NA,0.335573477,825,77.5,216,66,29,89,67958.3,3704,73,NA,664.68,81,NA,1932000,61.7,5719012.951,0.290632109,NA,53.9,2.8,,
Odisha,2007,NA,NA,21.5,46,1484,NA,0.357700893,837,34.6,268,64.6,38,99,117194.9,3704,71,NA,749.85,92,NA,2148000,63.7,6844245.255,0.275377997,NA,61.3,-8.2,,
Odisha,2008,NA,NA,21.4,61,1363,0.362,0.366903283,844,42.2,303,56.3,48,109,137517.2,3704,69,NA,775.16,92,NA,2370000,63.7,8688046.402,0.322088447,NA,82,-13.2,,
Odisha,2009,NA,NA,21,86,1397,NA,0.350237019,870,39,356,50.8,58,125,248638.7,3704,65,NA,837.55,108,NA,2607000,63.7,9979498.492,0.281596522,NA,110.9,3.3,,
Odisha,2010,NA,NA,20.5,98,1432,NA,0.29292196,872,41.6,448,54.4,79,157,258515.4,3704,61,NA,1070.35,114,37,2932000,63.7,10951012.71,0.281031505,NA,125.2,22.7,,
Odisha,2011,41974000,75.3,20.1,107,1303,NA,0.28347762,874,37.7,540,52.5,104,184,303625.9,3704,57,73.45,1146,126,NA,3338000,63.7,13275236.81,0.251781434,0.833158622,152.4,6.6,,
Odisha,2012,NA,NA,19.9,79,1592,NA,0.289484287,875,50.5,588,47.3,100,210,285105.7,3704,53,NA,1209.21,138,32.59,3759000,NA,14824969.77,0.221680503,NA,180.5,-6.2,,
Odisha,2013,NA,NA,19.6,89,1625,NA,0.295127244,884,60.2,662,46.3,113,263,276095.3,4416,51,NA,NA,153,NA,4216000,NA,16883576.09,0.272152723,NA,196.6,0,,
Odisha,2014,NA,NA,NA,NA,NA,NA,NA,884,74.5,733,44.6,142,247,NA,4550,NA,NA,NA,167,NA,4702000,NA,18345947.03,0.243338173,NA,248.1,46.3,,
Odisha,2015,NA,NA,NA,NA,NA,NA,NA,934,91.9,NA,41.9,169,266,NA,4645,NA,NA,NA,187,NA,5219000,NA,20888379.63,0.244581091,NA,NA,NA,,
Punjab,1981,16789000,84.6,NA,NA,NA,NA,NA,NA,NA,NA,NA,NA,NA,NA,NA,NA,43.37,NA,NA,NA,NA,NA,NA,NA,0.723152064,NA,NA,,
Punjab,1983,NA,NA,NA,NA,NA,NA,NA,NA,NA,NA,NA,NA,NA,NA,NA,NA,NA,NA,NA,16.18,NA,NA,NA,NA,NA,NA,NA,,
Punjab,1985,NA,NA,NA,NA,NA,NA,NA,NA,NA,NA,NA,NA,NA,NA,NA,NA,NA,NA,NA,NA,NA,NA,NA,NA,NA,NA,NA,,
Punjab,1988,NA,NA,NA,NA,NA,NA,NA,NA,NA,NA,NA,NA,NA,NA,NA,NA,NA,NA,NA,13.2,NA,NA,NA,NA,NA,NA,NA,,
Punjab,1990,NA,NA,27.6,18,3390,NA,NA,201,8.8,38,44.1,10.09,18.4,8974.6,NA,NA,NA,NA,2.7,NA,NA,NA,NA,NA,NA,NA,NA,,
Punjab,1991,20282000,92.7,27.7,26,3477,NA,0.940541261,201,8.2,45,45.1,12.1,21.5,10925,968,NA,58.51,622,3.5,NA,1329482,67.2,1888259,0.435930135,0.70451632,9.6,12.4,,
Punjab,1992,NA,NA,27.1,16,3615,NA,0.945863262,201,7.9,48,42.7,12.92,21.4,12496.6,968,NA,NA,684,3.9,NA,1430449,67.2,2284185,0.456522567,NA,11,11.5,,
Punjab,1993,NA,NA,26.3,16,3681,NA,0.945709746,201,11.8,54,41.8,12.9,22.3,12364.2,988,NA,NA,703,4.7,NA,1537220,67.2,2627464,0.458626645,NA,10.6,12.5,,
Punjab,1994,NA,NA,25,21,3684,NA,0.949494949,201,14.6,60,39.6,14.1,24.2,12511.5,988,NA,NA,759,5.3,11.77,NA,67.2,2750954.808,0.471169499,NA,13.4,14.9,,
Punjab,1995,NA,NA,24.6,13,3471,NA,0.951384375,201,13.7,74,41.4,16,29.8,34664,988,NA,NA,760,6.6,NA,1770000,66.4,3111964.116,0.458887958,NA,15.7,17.9,,
Punjab,1996,NA,NA,23.7,12,3786,NA,0.951625387,201,6.2,83,41,16.7,35.5,23229,988,NA,NA,792,9.5,NA,1915000,66.4,3511876.591,0.439653979,NA,17.7,13.6,,
Punjab,1997,NA,NA,23.4,8,3596,NA,0.954533811,201,16.4,92,38.3,18.3,42.8,23938.6,1198,51,NA,798.22,10.6,NA,2095000,66.4,4019613.117,0.448842768,NA,12.3,14.7,,
Punjab,1998,NA,NA,22.4,17,3741,NA,0.955816626,201,27.4,102,36.5,17.8,48.9,11348,1117,54,NA,861.47,11,NA,2296000,66.4,4429463.288,0.42793326,NA,22.4,24.8,,
Punjab,1999,NA,NA,21.5,16,4028,NA,0.972057898,201,28.3,127,38.8,25.2,58.8,12401.4,1328,53,NA,924.11,13.7,NA,2296000,67.6,5068951.823,0.409689549,NA,30.5,37.8,,
Punjab,2000,NA,NA,21.6,30,4032,0.543,0.961386517,201,24.6,152,39.4,31,62.5,9939.9,1328,52,NA,841.54,18.4,6.16,2296000,67.6,5553889.943,0.41970021,NA,27.2,31.9,,
Punjab,2001,24359000,97.6,21.2,43,4040,NA,0.965117743,197,30.5,182,41.1,35,70,9781.7,1553,51,69.65,835.69,23,NA,2910000,67.6,6175374.822,0.402206207,0.660782462,38.9,39,,
Punjab,2002,NA,NA,20.8,90,3828,NA,0.96549553,200,45.3,214,41.8,40,73,23661.7,1553,51,NA,870.39,30,NA,3103000,67.6,6583324.851,0.391043477,NA,37.3,49.6,,
Punjab,2003,NA,NA,20.6,90,3929,NA,0.970410395,201,70.2,236,41.5,47,83,11971.4,1553,49,NA,902.76,41,NA,3308000,69.1,6801512.891,0.36766462,NA,29.9,44,,
Punjab,2004,NA,NA,18.7,114,4040,NA,0.97660301,202,90,266,43.1,56,87,21644.3,1557,45,NA,1246.5,62,NA,3529000,69.1,7449784.001,0.365775789,NA,35.3,48.8,,
Punjab,2005,NA,NA,18.1,95,3986,NA,0.971125961,204,57.2,329,50.1,73,107,32293,1557,44,NA,1436.79,87,20.9,3876000,69.1,7993205.772,0.358281895,NA,37.5,40.4,,
Punjab,2006,NA,NA,17.8,62,4017,NA,0.976105745,204,69,413,56.8,88,129,43459.8,1557,44,NA,1506.28,112,NA,4035000,69.1,8967045.627,0.349586481,NA,40.5,26.6,,
Punjab,2007,NA,NA,17.6,70,4255,NA,0.975193996,204,86.3,555,65.6,132,178,46608.1,1557,43,NA,1613.84,129,NA,4294000,69.8,10492928.67,0.342140026,NA,47.1,43.8,,
Punjab,2008,NA,NA,17.3,80,4231,0.605,0.977001271,209,86.7,673,67.2,154,290,58130.2,1557,41,NA,1552.99,122,NA,4573000,69.8,12566572.64,0.345218043,NA,49.9,46,,
Punjab,2009,NA,NA,17,164,4144,NA,0.976238625,225,86.2,790,65.7,168,344,42201.1,1557,38,NA,1663.01,134,NA,4832000,69.8,14365468.64,0.346785816,NA,68.6,66.9,,
Punjab,2010,NA,NA,16.6,104,4280,NA,0.979555556,228,88.3,953,71.5,203,420,81415.9,1557,34,NA,1735.51,140,15.9,5274000,69.8,16301950.75,0.334566532,NA,71.1,61.7,,
Punjab,2011,27743000,97.6,16.2,205,4364,NA,0.979830014,251,117.2,1190,77.8,263,644,77214.3,1557,30,76.68,1799,179,NA,5274000,69.8,18671246.37,0.322067786,0.625166709,83.5,71.4,,
Punjab,2012,NA,NA,15.9,125,4347,NA,0.983048703,277,178,1399,80.9,312,565,62915.6,1557,28,NA,1761.08,186,8.26,6263000,NA,21161502.57,0.315168878,NA,99.7,84.9,,
Punjab,2013,NA,NA,15.7,141,4500,NA,0.983989835,300,185.9,1630,81.6,367,647,62047.6,1557,26,NA,NA,205,NA,6263000,NA,23534206.32,0.308551795,NA,125.6,93.5,,
Punjab,2014,NA,NA,NA,NA,NA,NA,NA,311,249.2,1820,79.1,500,665,NA,1699,NA,NA,NA,267,NA,6263000,NA,26211619.83,0.302375984,NA,130.8,87.9,,
Punjab,2015,NA,NA,NA,NA,NA,NA,NA,367,269.1,1966,75.1,572,709,NA,2239,NA,NA,NA,285,NA,6263000,NA,28875177.08,0.286191521,NA,NA,NA,,
Rajasthan,1981,34262000,27.1,NA,NA,NA,NA,NA,NA,NA,NA,NA,NA,NA,NA,NA,NA,30.11,NA,NA,NA,NA,NA,NA,NA,0.789533594,NA,NA,,
Rajasthan,1983,NA,NA,NA,NA,NA,NA,NA,NA,NA,NA,NA,NA,NA,NA,NA,NA,NA,NA,NA,34.46,NA,NA,NA,NA,NA,NA,NA,,
Rajasthan,1985,NA,NA,NA,NA,NA,NA,NA,NA,NA,NA,NA,NA,NA,NA,NA,NA,NA,NA,NA,NA,NA,NA,NA,NA,NA,NA,NA,,
Rajasthan,1988,NA,NA,NA,NA,NA,NA,NA,NA,NA,NA,NA,NA,NA,NA,NA,NA,NA,NA,NA,35.15,NA,NA,NA,NA,NA,NA,NA,,
Rajasthan,1990,NA,NA,33.6,7,864,NA,NA,1079,12.5,27,57.3,8.21,10.7,8332.9,NA,NA,NA,NA,2.1,NA,NA,NA,NA,NA,NA,NA,NA,,
Rajasthan,1991,44006000,59,35,5,707,NA,0.24004128,1067,17.3,32,56.6,8.7,12.7,15056.3,2840,NA,38.55,232,2.9,NA,1081958,59.1,2071007,0.427494934,0.771235741,18.7,5.4,,
Rajasthan,1992,NA,NA,34.9,18,894,NA,0.290941248,1071,13.5,35,55.6,10.1,14.1,12383.9,2840,NA,NA,246,3.6,NA,1204463,59.1,2301161,0.409769677,NA,20.4,7.9,,
Rajasthan,1993,NA,NA,34,11,607,NA,0.272028562,1070,15.3,41,55.4,11.5,17.2,-11338,2846,NA,NA,256,4.2,NA,1320021,59.1,2704693,0.41569228,NA,23.9,11.6,,
Rajasthan,1994,NA,NA,33.7,15,906,NA,0.290588969,1073,16.8,43,49.3,11,16.6,19527.4,2846,NA,NA,270,5,27.41,NA,59.1,3075235.941,0.311756892,NA,27.8,14.7,,
Rajasthan,1995,NA,NA,33.3,17,804,NA,0.285328754,1068,25.8,51,47.7,12.6,20.6,14254.1,2846,NA,NA,297,6.2,NA,1585000,61.7,3869701.507,0.324488551,NA,32.9,17.6,,
Rajasthan,1996,NA,NA,32.4,36,998,NA,0.323352989,1070,25.4,55,45.4,11.5,22.8,21322.1,2846,NA,NA,301,6.7,NA,1769000,61.7,4413146.44,0.310865537,NA,39.1,25.7,,
Rajasthan,1997,NA,NA,32.1,18,1007,NA,0.325907312,1070,37,68,46.7,15.2,30.3,20902.4,2846,85,NA,314.34,9.2,NA,1986000,61.7,5364822.632,0.344709902,NA,43.2,25.1,,
Rajasthan,1998,NA,NA,31.6,27,960,NA,0.299036954,1059,21.8,81,47.2,17.7,35.3,17979.8,3101,83,NA,330.28,11.6,NA,2200000,61.7,5975255.525,0.318391043,NA,47,25.5,,
Rajasthan,1999,NA,NA,31.1,61,975,NA,0.318162703,1066,19,94,46,21.4,38.5,16009.2,4081,81,NA,339.51,14.1,NA,2444000,63.8,6825802.451,0.315003695,NA,59.5,51.5,,
Rajasthan,2000,NA,NA,31.4,72,883,0.387,0.359535414,1055,26.9,111,46.7,27,42.3,12103.6,4381,79,NA,349.54,19.4,15.28,2712000,63.8,7327076.067,0.275966236,NA,63.8,53.6,,
Rajasthan,2001,56507000,68.2,31,77,1099,NA,0.319032761,1039,32.6,128,46.6,32,46,12260.1,4481,79,60.41,284.71,25,NA,2943000,63.8,7301849.295,0.251038828,0.766152866,72.2,43.1,,
Rajasthan,2002,NA,NA,30.6,77,873,NA,0.324261948,1040,44.7,153,48.4,41,50,11257.3,4597,78,NA,290.91,32,NA,3197000,63.8,8128802.9,0.272250602,NA,77.3,57.5,,
Rajasthan,2003,NA,NA,30.3,106,1288,NA,0.398850053,1023,84.9,178,50.8,49,55,16814.9,4597,75,NA,294.08,40,NA,3487000,65.2,7843510.961,0.211520589,NA,80.3,61.1,,
Rajasthan,2004,NA,NA,29,108,1008,NA,0.295097858,1013,126.3,217,55.7,55,70,22038.3,5585,67,NA,578.38,62,NA,3834000,65.2,9885781.137,0.280461415,NA,92.3,73.7,,
Rajasthan,2005,NA,NA,28.6,96,919,NA,0.336767638,1011,67.4,294,68.7,70,103,23678.8,5585,68,NA,572.2,84,34.4,4261000,65.2,10387824.02,0.245622072,NA,98.5,61.5,,
Rajasthan,2006,NA,NA,28.3,97,1119,NA,0.360293101,1005,128.8,378,77.3,94,127,47625.5,5585,67,NA,590.69,118,NA,4754000,65.2,11566139.36,0.230166088,NA,109.2,51.5,,
Rajasthan,2007,NA,NA,27.9,169,1180,NA,0.369555122,1010,127.7,491,82.9,129,164,44700.4,5585,65,NA,692.9,147,NA,5336000,66.8,13908589.28,0.231280991,NA,125.8,39.7,,
Rajasthan,2008,NA,NA,27.5,72,1263,0.434,0.364193084,1018,141.3,599,82.4,160,253,107743.6,5585,63,NA,747.07,168,NA,5902000,66.8,15842246.72,0.244200667,NA,146.8,34.1,,
Rajasthan,2009,NA,NA,27.2,23,931,NA,0.347371657,1040,133.5,740,80.6,181,294,67709,5585,59,NA,811.12,172,NA,6490000,66.8,18779981.1,0.23232431,NA,194.3,69.7,,
Rajasthan,2010,NA,NA,26.7,14,1250,NA,0.336123247,1042,179.7,943,88.4,214,407,94929.4,5585,55,NA,843.75,191,24.8,7166000,66.8,21615935.73,0.213154249,NA,215.8,103,,
Rajasthan,2011,68548000,78.1,26.2,59,1348,NA,0.320052304,1049,256.3,1157,90.4,268,495,122713.8,5585,52,67.06,927,208,NA,7986000,66.8,27513296.51,0.26937026,0.75129836,227.9,41.3,,
Rajasthan,2012,NA,NA,25.9,46,1480,NA,0.363313609,1100,243.3,1369,90.9,332,564,122913,7130,49,NA,981.85,227,14.71,8985000,NA,33679561.07,0.288143986,NA,278.5,36.3,,
Rajasthan,2013,NA,NA,25.6,64,1334,NA,0.39471487,1159,243.7,1632,92.6,412,742,117694.2,7180,47,NA,NA,274,NA,10072000,NA,38233241.35,0.280638366,NA,337,85.3,,
Rajasthan,2014,NA,NA,NA,NA,NA,NA,NA,1198,306.1,1753,87.1,508,670,NA,7646,NA,NA,NA,318,NA,11133000,NA,42090581.95,0.282844579,NA,419,151.9,,
Rajasthan,2015,NA,NA,NA,NA,NA,NA,NA,1324,350.4,2030,86.2,564,761,NA,7886,NA,NA,NA,380,NA,12379000,NA,46720258.15,0.275553441,NA,NA,NA,,
Tamil.Nadu,1981,48408000,43.1,NA,NA,NA,NA,NA,NA,NA,NA,NA,NA,NA,NA,NA,NA,54.39,NA,NA,NA,NA,NA,NA,NA,0.670467691,NA,NA,,
Tamil.Nadu,1983,NA,NA,NA,NA,NA,NA,NA,NA,NA,NA,NA,NA,NA,NA,NA,NA,NA,NA,NA,51.66,NA,NA,NA,NA,NA,NA,NA,,
Tamil.Nadu,1985,NA,NA,NA,NA,NA,NA,NA,NA,NA,NA,NA,NA,NA,NA,NA,NA,NA,NA,NA,NA,NA,NA,NA,NA,NA,NA,NA,,
Tamil.Nadu,1988,NA,NA,NA,NA,NA,NA,NA,NA,NA,NA,NA,NA,NA,NA,NA,NA,NA,NA,NA,43.89,NA,NA,NA,NA,NA,NA,NA,,
Tamil.Nadu,1990,NA,NA,21.6,18,1907,NA,NA,214,9.8,109,96.2,17.8,54.1,26608.1,NA,NA,NA,NA,7.7,NA,NA,NA,NA,NA,NA,NA,NA,,
Tamil.Nadu,1991,55859000,67.4,20.8,14,2058,NA,0.436303332,208,9.2,132,96.9,20.3,66.5,25023.4,2002,NA,62.66,334,10.2,NA,1538743,63.3,3133938,0.178305059,0.658461483,29.8,11.3,,
Tamil.Nadu,1992,NA,NA,20.7,11,2119,NA,0.466886468,208,12.1,141,89,22,68.5,31596.5,2002,NA,NA,369,11.9,NA,1724800,63.3,3695674,0.190227547,NA,34.3,13,,
Tamil.Nadu,1993,NA,NA,19.5,2,2051,NA,0.47898684,208,13,165,86.2,23.1,80.9,62666.4,2002,NA,NA,386,17,NA,1921440,63.3,4300987,0.200140572,NA,39.3,17.5,,
Tamil.Nadu,1994,NA,NA,19.2,43,2358,NA,0.495110366,208,18,178,82.5,25.6,84.9,89029.9,2002,NA,NA,430,18.1,35.03,NA,63.3,4528939.311,0.272770933,NA,42.5,13.6,,
Tamil.Nadu,1995,NA,NA,20.3,24,1918,NA,0.510674637,208,16.2,224,86.6,27.6,103.2,68358.6,2002,NA,NA,459,25.3,NA,2423000,64.4,5403796.549,0.253918569,NA,45.5,15,,
Tamil.Nadu,1996,NA,NA,19.5,12,851,NA,0.507817486,208,23.4,276,94.9,33.3,128.3,68290.6,2002,NA,NA,468,28.7,NA,2772000,64.4,6154531.192,0.217116101,NA,51.5,12.6,,
Tamil.Nadu,1997,NA,NA,19,8,2213,NA,0.518352176,207,23.8,324,97.3,37,156.4,50296.9,2002,53,NA,484.11,36,NA,3182000,64.4,7022718.066,0.209270859,NA,62.1,24.5,,
Tamil.Nadu,1998,NA,NA,19.2,8,2562,NA,0.536596523,207,53.9,370,92.6,43.8,176.5,59627.6,2481,53,NA,498.07,45.6,NA,3614000,64.4,8149108.456,0.208974837,NA,66.5,21.2,,
Tamil.Nadu,1999,NA,NA,19.3,4,2343,NA,0.548513656,207,58.7,416,90.7,42.2,211.4,51675.4,3681,52,NA,547.95,46.2,NA,4074000,66.2,9302716.227,0.210826677,NA,81.5,47.8,,
Tamil.Nadu,2000,NA,NA,19.3,20,2461,0.48,0.549930971,212,56.5,489,88.6,43.3,236.3,57566.5,3681,51,NA,599.01,56.8,21.12,4611000,66.2,9940463.125,0.18213782,NA,88.6,53.8,,
Tamil.Nadu,2001,62406000,85.6,19,13,2209,NA,0.550646892,210,63.2,571,90.6,47,268,41221.4,3758,49,73.45,623.25,77,NA,5162000,66.2,10874668.95,0.177391925,0.559593629,96.2,50.8,,
Tamil.Nadu,2002,NA,NA,18.5,72,1612,NA,0.548024414,213,91.5,626,85.4,51,297,70028.9,3758,44,NA,645.44,94,NA,5658000,66.2,11027662.29,0.172356645,NA,91.9,47.4,,
Tamil.Nadu,2003,NA,NA,18.3,23,1539,NA,0.505104989,210,192.2,766,90.7,62,335,80770.6,3758,43,NA,677.37,149,NA,8005000,67.9,11716168.63,0.131226284,NA,96.6,67.4,,
Tamil.Nadu,2004,NA,NA,17.1,26,1874,NA,0.466328066,209,145.1,906,93.1,91,366,98764.2,4183,41,NA,1059.34,223,NA,8575000,67.9,12991499.59,0.121335576,NA,115.9,55.9,,
Tamil.Nadu,2005,NA,NA,16.5,27,1847,NA,0.524197657,212,132.2,1109,101.2,124,476,134195.3,4183,37,NA,976.81,279,28.9,9257000,67.9,14991869.52,0.13638461,NA,136.2,55.7,,
Tamil.Nadu,2006,NA,NA,16.2,20,2610,NA,0.563069783,215,192.8,1466,110.5,167,538,169154,4183,37,NA,1079.94,373,NA,10054000,67.9,17649993.64,0.138940913,NA,143,22.5,,
Tamil.Nadu,2007,NA,NA,15.8,43,2125,NA,0.566318672,218,220.8,1859,114.5,231,737,211075.8,4462,35,NA,1132.39,447,NA,10981000,69.4,21257044.65,0.143524845,NA,169.2,39.6,,
Tamil.Nadu,2008,NA,NA,16,63,2225,0.57,0.559243336,248,284.3,2277,114.7,266,858,200725.9,4462,31,NA,1134.48,600,NA,11930000,69.4,24015296.56,0.144744287,NA,199.9,36.9,,
Tamil.Nadu,2009,NA,NA,16.3,37,2477,NA,0.582589286,271,317.4,2653,108.1,339,1054,274280.3,4832,28,NA,1210.81,646,NA,12891000,69.4,27473466.81,0.141356487,NA,268.9,85.5,,
Tamil.Nadu,2010,NA,NA,15.9,31,2393,NA,0.581119885,286,269.1,3229,113.8,440,1280,230536.3,4832,24,NA,1232.51,636,17.1,14062000,69.4,32840160.24,0.16085191,NA,293.5,118.1,,
Tamil.Nadu,2011,72147000,92.5,15.9,41,3162,NA,0.58195724,298,298.3,3941,115.1,566,1655,298986.6,4832,22,80.33,1277,758,NA,15638000,69.4,40039084.42,0.166761712,0.516029773,364.9,166.5,,
Tamil.Nadu,2012,NA,NA,15.7,32,2131,NA,0.597453311,336,330,4662,116.9,748,1864,317041.1,4943,21,NA,1226.26,892,11.28,17412000,NA,45673303.48,0.165610674,NA,419,172.7,,
Tamil.Nadu,2013,NA,NA,15.6,39,2554,NA,0.581906615,346,425.7,5493,123.3,906,2092,340908.1,4943,21,NA,NA,1111,NA,19232000,NA,50989347.04,0.142410574,NA,467.5,165.2,,
Tamil.Nadu,2014,NA,NA,NA,NA,NA,NA,NA,372,707.1,6087,121.8,1092,2277,NA,4975,NA,NA,NA,1122,NA,20864000,NA,58476889.22,0.14500971,NA,551.2,205.8,,
Tamil.Nadu,2015,NA,NA,NA,NA,NA,NA,NA,448,769.3,6492,119,1151,2361,NA,5006,NA,NA,NA,1280,NA,22519000,NA,66860213.92,0.146178951,NA,NA,NA,,
Uttar.Pradesh,1981,105137000,33.8,NA,NA,NA,NA,NA,NA,NA,NA,NA,NA,NA,NA,NA,NA,32.65,NA,NA,NA,NA,NA,NA,NA,0.821661261,NA,NA,,
Uttar.Pradesh,1983,NA,NA,NA,NA,NA,NA,NA,NA,NA,NA,NA,NA,NA,NA,NA,NA,NA,NA,NA,47.07,NA,NA,NA,NA,NA,NA,NA,,
Uttar.Pradesh,1985,NA,NA,NA,NA,NA,NA,NA,NA,NA,NA,NA,NA,NA,NA,NA,NA,NA,NA,NA,NA,NA,NA,NA,NA,NA,NA,NA,,
Uttar.Pradesh,1988,NA,NA,NA,NA,NA,NA,NA,NA,NA,NA,NA,NA,NA,NA,NA,NA,NA,NA,NA,41.46,NA,NA,NA,NA,NA,NA,NA,,
Uttar.Pradesh,1990,NA,NA,35.6,2,1739,NA,NA,3033,27,72,40,17,31.8,22421.7,NA,NA,NA,NA,4.6,NA,NA,NA,NA,NA,NA,NA,NA,,
Uttar.Pradesh,1991,132062000,62.2,35.7,0,1785,NA,0.579709576,3056,28.5,92,44.8,22,37.7,35816.3,2754,NA,40.71,174,6.9,NA,1897925,56.8,5550571,0.400680579,0.803334797,47.1,30.7,,
Uttar.Pradesh,1992,NA,NA,36.3,1,1777,NA,0.610157424,3065,34.4,98,42.5,23.2,39.7,38042.9,2754,NA,NA,179,8.7,NA,2150628,56.8,6467723,0.40689173,NA,44.4,28.4,,
Uttar.Pradesh,1993,NA,NA,36.2,0,1835,NA,0.623067035,3062,30,108,41.5,24.7,46.6,60932.5,2754,NA,NA,186,10.9,NA,2289019,56.8,7070435,0.383141773,NA,55.7,37.1,,
Uttar.Pradesh,1994,NA,NA,35.4,3,1918,NA,0.640595028,3058,56.7,113,37.2,25.9,46.1,64241,2733,NA,NA,204,12.6,40.85,NA,56.8,7190632.395,0.394366843,NA,52.1,31.7,,
Uttar.Pradesh,1995,NA,NA,34.8,0,1886,NA,0.65362499,3052,32.3,127,35.1,29.1,51.6,68796.4,2733,NA,NA,207,13.5,NA,2544000,59.1,8403328.408,0.385909143,NA,60.3,47.7,,
Uttar.Pradesh,1996,NA,NA,34,1,2088,NA,0.658007987,3052,38.1,141,33.8,28.8,60.06,82444.4,2862,NA,NA,197,16.1,NA,2977000,59.1,9496463.118,0.372004587,NA,64.7,43.8,,
Uttar.Pradesh,1997,NA,NA,33.5,5,2027,NA,0.668490949,3047,44.3,157,31.9,32.6,71.6,72133,2883,85,NA,199.53,18.7,NA,3164000,59.1,11420661,0.37438886,NA,76.9,59.6,,
Uttar.Pradesh,1998,NA,NA,32.4,4,1945,NA,0.665105207,3040,29.1,177,29.5,37.6,79.4,81532.7,3260,85,NA,198.79,24,NA,3775000,59.1,12295030.95,0.354867363,NA,90.8,75.8,,
Uttar.Pradesh,1999,NA,NA,32.8,0,2188,NA,0.676477334,3033,31.8,197,28,43.04,83.6,35412.2,4307,84,NA,179.06,26.9,NA,4027000,60.1,13751202.32,0.350228582,NA,104.8,116.3,,
Uttar.Pradesh,2000,NA,NA,32.8,1,2105,0.316,0.687201456,3027,46.4,233,28.2,50.2,96,30707.6,4570,83,NA,191.08,35.2,31.15,4627000,60.1,14776501.1,0.356643279,NA,116.7,111,,
Uttar.Pradesh,2001,166198000,87.8,32.1,0,2164,NA,0.699098957,2839,46.8,241,28.3,59,94,36285.1,5758,82,56.27,189.02,37,NA,4921000,60.1,15312430.49,0.35110449,0.792175598,121.3,101.8,,
Uttar.Pradesh,2002,NA,NA,31.6,1,1995,NA,0.715997957,2846,45.6,294,29.9,69,105,29690,4942,80,NA,187.73,52,NA,5171000,60.1,16051147.77,0.350062986,NA,122.8,99,,
Uttar.Pradesh,2003,NA,NA,31.3,2,2192,NA,0.73184978,2844,126.6,332,30.6,88,129,49600.2,4942,76,NA,188.83,69,NA,5928000,61.5,17450396.34,0.337341325,NA,131,95,,
Uttar.Pradesh,2004,NA,NA,30.8,1,1961,NA,0.728574238,2854,53.5,396,33.1,103,122,51363.7,5599,72,NA,310.2,114,NA,6460000,61.5,19147474.01,0.332925746,NA,130,166.5,,
Uttar.Pradesh,2005,NA,NA,30.4,0,2057,NA,0.742007522,2839,94.7,513,37.9,139,149,91383.1,5599,73,NA,311.82,156,40.9,7344000,61.5,20993124.56,0.316761892,NA,169.3,130,,
Uttar.Pradesh,2006,NA,NA,30.1,0,2057,NA,0.749594974,2834,70.4,626,41,182,170,98101.6,5599,71,NA,340.5,199,NA,7989000,61.5,23595207.07,0.307682125,NA,201.4,100.8,,
Uttar.Pradesh,2007,NA,NA,29.5,2,2206,NA,0.756167618,2855,83.3,820,45.1,234,234,130366.5,5874,69,NA,345.69,236,NA,9086000,63,27067636.86,0.288226094,NA,240.3,96.2,,
Uttar.Pradesh,2008,NA,NA,29.1,3,2365,0.38,0.75600316,2853,93.2,938,43.7,287,277,109253.3,5874,67,NA,371.89,313,NA,9826000,63,30826875.11,0.284751647,NA,300.1,137.9,,
Uttar.Pradesh,2009,NA,NA,28.7,4,2236,NA,0.769973696,2940,96.3,1111,42.2,345,332,85478.8,6774,63,NA,386.93,274,NA,10779000,63,35789376.76,0.312196513,NA,395.1,205.1,,
Uttar.Pradesh,2010,NA,NA,28.3,3,2386,NA,0.76077044,3003,84.2,1351,43.3,409,434,121699.6,6774,61,NA,411.94,280,37.7,11988000,63,42124104.48,0.304119298,NA,472.5,186.9,,
Uttar.Pradesh,2011,199812000,95.1,27.8,7,2498,NA,0.766191685,3092,105,1633,44,436,541,181226.2,2042,57,69.72,450,341,NA,13287000,63,48312532.6,0.298231188,0.777315677,506.7,172.5,,
Uttar.Pradesh,2012,NA,NA,27.4,4,2542,NA,0.7672231,3171,132.5,1897,44,533,648,239376.7,7818,53,NA,449.98,373,29.43,15445000,NA,55170509.65,0.309644252,NA,597.2,154.3,,
Uttar.Pradesh,2013,NA,NA,27.2,5,2484,NA,0.78196042,3396,167.2,2252,44.1,645,851,140219.1,7818,50,NA,NA,463,NA,17048000,NA,62808478.61,0.316691512,NA,674.4,192.4,,
Uttar.Pradesh,2014,NA,NA,NA,NA,NA,NA,NA,3604,228.2,2666,44.6,823,890,NA,7986,NA,NA,NA,549,NA,19115000,NA,69436001.08,0.303572983,NA,765.6,236.8,,
Uttar.Pradesh,2015,NA,NA,NA,NA,NA,NA,NA,3828,252.7,3055,45.4,932,1028,NA,8483,NA,NA,NA,649,NA,21636000,NA,78574846.69,0.314148273,NA,NA,NA,,
West.Bengal,1981,54581000,69.7,NA,NA,NA,NA,NA,NA,NA,NA,NA,NA,NA,NA,NA,NA,48.65,NA,NA,NA,NA,NA,NA,NA,0.735310822,NA,NA,,
West.Bengal,1983,NA,NA,NA,NA,NA,NA,NA,NA,NA,NA,NA,NA,NA,NA,NA,NA,NA,NA,NA,54.85,NA,NA,NA,NA,NA,NA,NA,,
West.Bengal,1985,NA,NA,NA,NA,NA,NA,NA,NA,NA,NA,NA,NA,NA,NA,NA,NA,NA,NA,NA,NA,NA,NA,NA,NA,NA,NA,NA,,
West.Bengal,1988,NA,NA,NA,NA,NA,NA,NA,NA,NA,NA,NA,NA,NA,NA,NA,NA,NA,NA,NA,44.72,NA,NA,NA,NA,NA,NA,NA,,
West.Bengal,1990,NA,NA,28.2,0,1735,NA,NA,841,9,88,56.8,6.9,50.5,18431.6,NA,NA,NA,NA,4.3,NA,NA,NA,NA,NA,NA,NA,NA,,
West.Bengal,1991,68078000,82,27,0,2036,NA,0.287660164,861,8.7,100,53,6.1,57.9,34690.1,1651,NA,57.7,151,6.61,NA,841489,62.1,3479710,0.260870015,0.725197567,29.9,16.3,,
West.Bengal,1992,NA,NA,24.8,NA,1960,NA,0.287445188,866,9.8,110,52.8,8.4,64.3,29681.3,1651,NA,NA,158,7.5,NA,910650,62.1,4038037,0.301464301,NA,27.2,11.4,,
West.Bengal,1993,NA,NA,25.7,0,2006,NA,0.291686183,866,10.7,132,54.3,9.1,76,47217.5,1651,NA,NA,171,8.6,NA,1010823,62.1,4329039,0.282825588,NA,27.5,10.1,,
West.Bengal,1994,NA,NA,25.2,0,2077,NA,0.286981567,866,16.5,130,45.9,7.6,74.9,29525.6,1651,NA,NA,175,10,35.66,NA,62.1,4467568.248,0.325876387,NA,33.2,16.7,,
West.Bengal,1995,NA,NA,23.6,0,1960,NA,0.285730672,865,18.8,151,53.9,7.8,84.2,22709.6,1651,NA,NA,186,11.8,NA,1199000,63.7,5187361.316,0.339653477,NA,38.3,19.7,,
West.Bengal,1996,NA,NA,22.8,0,2135,NA,0.27761061,866,26.7,172,55.2,9.1,95.61,33544.2,1651,NA,NA,194,15.6,NA,1240000,63.7,6176892.811,0.330890362,NA,41,27,,
West.Bengal,1997,NA,NA,22.4,0,2186,NA,0.543989403,866,22.4,183,50.8,9.5,98.3,35030.8,1715,55,NA,202.41,17.9,NA,1346000,63.7,6863517.048,0.339456068,NA,49.9,34,,
West.Bengal,1998,NA,NA,21.3,0,2198,NA,0.55891565,867,7.9,208,47.2,9.3,119.7,13804.5,1706,53,NA,209.72,22.2,NA,1485000,63.7,8192393.514,0.35390332,NA,51.8,40.1,,
West.Bengal,1999,NA,NA,20.7,0,2178,NA,0.562648009,867,12.4,231,44.9,10.44,132,3967.9,1896,52,NA,206.94,23.4,NA,1604000,66.2,9659972.123,0.347463843,NA,66.3,71.1,,
West.Bengal,2000,NA,NA,20.7,0,2231,0.422,0.561236249,866,12.1,272,45.5,11,148.9,16281.3,1951,51,NA,207.65,29.4,27.02,1690000,66.2,10606423.61,0.32269675,NA,93.4,116.7,,
West.Bengal,2001,80176000,88.5,20.5,1,2424,NA,0.558188,872,17,303,44.5,14,152,21085,1951,51,68.64,218.1,41,NA,1690000,66.2,11260531.62,0.295837003,0.720277889,96.2,109.2,,
West.Bengal,2002,NA,NA,20.5,0,2374,NA,0.55486246,873,18.2,352,45.8,19,180,15173.3,1951,49,NA,224.57,49,NA,1690000,66.2,12311913.26,0.289694771,NA,95.8,118,,
West.Bengal,2003,NA,NA,20.3,0,2421,NA,0.558464774,873,21.5,412,47.9,22,211,10532.6,1951,46,NA,237.47,62,NA,2366000,68.1,13162435.36,0.273057763,NA,84.6,105.7,,
West.Bengal,2004,NA,NA,19.3,0,2479,NA,0.557602733,875,45.2,476,49.5,38,237,22212.9,2325,40,NA,430.33,87,NA,2548000,68.1,14827993.48,0.271372038,NA,90.1,128.7,,
West.Bengal,2005,NA,NA,18.8,0,2423,NA,0.560642655,875,15.5,586,52.3,39,289,29396.7,2325,38,NA,380.61,129,34.3,2681000,68.1,16409084.02,0.247342741,NA,97.3,106.5,,
West.Bengal,2006,NA,NA,18.4,0,2511,NA,0.577048149,874,20.3,709,56.3,60,334,40337.2,2325,38,NA,396.79,174,NA,2827000,68.1,18106846.73,0.249044259,NA,114.5,96,,
West.Bengal,2007,NA,NA,17.9,0,2525,NA,0.579242346,874,24.1,977,64.7,82,442,63245.8,2377,37,NA,436.48,226,NA,3198000,69.4,20579098.53,0.233410391,NA,131.4,114.3,,
West.Bengal,2008,NA,NA,17.5,0,2493,0.492,0.581316653,878,32.4,1190,62.4,94,539,48620.6,2524,35,NA,442.45,211,NA,2762000,69.4,23551822.76,0.241564614,NA,161.9,114,,
West.Bengal,2009,NA,NA,17.2,0,2522,NA,0.576514997,880,37.4,1388,60.7,86,612,181758.7,2578,33,NA,515.08,262,NA,3044000,69.4,26890926.71,0.227644999,NA,194.7,135.6,,
West.Bengal,2010,NA,NA,16.8,0,2601,NA,0.579748164,884,30,1700,61.5,128,819,91651.1,2578,33,NA,537.85,255,26.7,2747000,69.4,31368618.1,0.246490361,NA,277,249.5,,
West.Bengal,2011,91276000,92.2,16.3,0,2645,NA,0.588088768,886,37.4,2001,63.7,154,914,92660.7,2578,32,77.08,564,274,NA,3261000,69.4,36250579.55,0.241307367,0.681263421,305.6,195.3,,
West.Bengal,2012,NA,NA,16.1,0,2717,NA,0.581310809,905,46.1,2388,63.8,187,1171,111587.8,2681,32,NA,593.86,262,19.98,3861000,NA,41547631.39,0.23057708,NA,356.1,177,,
West.Bengal,2013,NA,NA,16,0,2721,NA,0.630812151,907,52.1,2701,62,210,1376,93422.4,2681,31,NA,NA,313,NA,6111000,NA,47445345.92,0.237017233,NA,401,191.5,,
West.Bengal,2014,NA,NA,NA,NA,NA,NA,NA,907,125.5,2959,61.6,262,1571,NA,2908,NA,NA,NA,365,NA,6745000,NA,55565153.89,0.24206128,NA,455.8,253.5,,
West.Bengal,2015,NA,NA,NA,NA,NA,NA,NA,925,120.4,3201,57.8,240,1732,NA,2910,NA,NA,NA,386,NA,7403000,NA,62981582.14,0.24255818,NA,NA,NA,,
,,,,,,,,,,,,,,,,,,,,,,,,,,,,,,
,,,,,,,,,,,,,,,,,,,,,,,,,,,,,,
,,,,,,,,,,,,,,,,,,,,,,,,,,,,,,
,,,,,,,,,,,,,,,,,,,,,,,,,,,,,,
,,,,,,,,,,,,,,,,,,,,,,,,,,,,,,
,,,,,,,,,,,,,,,,,,,,,,,,,,,,,,
,,,,,,,,,,,,,,,,,,,,,,,,,,,,,,
,,,,,,,,,,,,,,,,,,,,,,,,,,,,,,
,,,,,,,,,,,,,,,,,,,,,,,,,,,,,,
,,,,,,,,,,,,,,,,,,,,,,,,,,,,,,
,,,,,,,,,,,,,,,,,,,,,,,,,,,,,,
,,,,,,,,,,,,,,,,,,,,,,,,,,,,,,
,,,,,,,,,,,,,,,,,,,,,,,,,,,,,,
,,,,,,,,,,,,,,,,,,,,,,,,,,,,,,
,,,,,,,,,,,,,,,,,,,,,,,,,,,,,,
,,,,,,,,,,,,,,,,,,,,,,,,,,,,,,
,,,,,,,,,,,,,,,,,,,,,,,,,,,,,,
,,,,,,,,,,,,,,,,,,,,,,,,,,,,,,
,,,,,,,,,,,,,,,,,,,,,,,,,,,,,,
,,,,,,,,,,,,,,,,,,,,,,,,,,,,,,
,,,,,,,,,,,,,,,,,,,,,,,,,,,,,,
,,,,,,,,,,,,,,,,,,,,,,,,,,,,,,
,,,,,,,,,,,,,,,,,,,,,,,,,,,,,,
,,,,,,,,,,,,,,,,,,,,,,,,,,,,,,
,,,,,,,,,,,,,,,,,,,,,,,,,,,,,,
,,,,,,,,,,,,,,,,,,,,,,,,,,,,,,
,,,,,,,,,,,,,,,,,,,,,,,,,,,,,,
,,,,,,,,,,,,,,,,,,,,,,,,,,,,,,
,,,,,,,,,,,,,,,,,,,,,,,,,,,,,,
,,,,,,,,,,,,,,,,,,,,,,,,,,,,,,
,,,,,,,,,,,,,,,,,,,,,,,,,,,,,,
,,,,,,,,,,,,,,,,,,,,,,,,,,,,,,
,,,,,,,,,,,,,,,,,,,,,,,,,,,,,,
,,,,,,,,,,,,,,,,,,,,,,,,,,,,,,
,,,,,,,,,,,,,,,,,,,,,,,,,,,,,,
,,,,,,,,,,,,,,,,,,,,,,,,,,,,,,
,,,,,,,,,,,,,,,,,,,,,,,,,,,,,,
,,,,,,,,,,,,,,,,,,,,,,,,,,,,,,
,,,,,,,,,,,,,,,,,,,,,,,,,,,,,,
,,,,,,,,,,,,,,,,,,,,,,,,,,,,,,
,,,,,,,,,,,,,,,,,,,,,,,,,,,,,,
,,,,,,,,,,,,,,,,,,,,,,,,,,,,,,
,,,,,,,,,,,,,,,,,,,,,,,,,,,,,,
,,,,,,,,,,,,,,,,,,,,,,,,,,,,,,
,,,,,,,,,,,,,,,,,,,,,,,,,,,,,,
,,,,,,,,,,,,,,,,,,,,,,,,,,,,,,
,,,,,,,,,,,,,,,,,,,,,,,,,,,,,,
,,,,,,,,,,,,,,,,,,,,,,,,,,,,,,
,,,,,,,,,,,,,,,,,,,,,,,,,,,,,,
,,,,,,,,,,,,,,,,,,,,,,,,,,,,,,
,,,,,,,,,,,,,,,,,,,,,,,,,,,,,,
,,,,,,,,,,,,,,,,,,,,,,,,,,,,,,
,,,,,,,,,,,,,,,,,,,,,,,,,,,,,,
,,,,,,,,,,,,,,,,,,,,,,,,,,,,,,
,,,,,,,,,,,,,,,,,,,,,,,,,,,,,,
,,,,,,,,,,,,,,,,,,,,,,,,,,,,,,
,,,,,,,,,,,,,,,,,,,,,,,,,,,,,,
,,,,,,,,,,,,,,,,,,,,,,,,,,,,,,
,,,,,,,,,,,,,,,,,,,,,,,,,,,,,,
,,,,,,,,,,,,,,,,,,,,,,,,,,,,,,
,,,,,,,,,,,,,,,,,,,,,,,,,,,,,,
,,,,,,,,,,,,,,,,,,,,,,,,,,,,,,
,,,,,,,,,,,,,,,,,,,,,,,,,,,,,,
,,,,,,,,,,,,,,,,,,,,,,,,,,,,,,
,,,,,,,,,,,,,,,,,,,,,,,,,,,,,,
,,,,,,,,,,,,,,,,,,,,,,,,,,,,,,
,,,,,,,,,,,,,,,,,,,,,,,,,,,,,,
,,,,,,,,,,,,,,,,,,,,,,,,,,,,,,
,,,,,,,,,,,,,,,,,,,,,,,,,,,,,,
,,,,,,,,,,,,,,,,,,,,,,,,,,,,,,
,,,,,,,,,,,,,,,,,,,,,,,,,,,,,,
,,,,,,,,,,,,,,,,,,,,,,,,,,,,,,
,,,,,,,,,,,,,,,,,,,,,,,,,,,,,,
,,,,,,,,,,,,,,,,,,,,,,,,,,,,,,
,,,,,,,,,,,,,,,,,,,,,,,,,,,,,,
,,,,,,,,,,,,,,,,,,,,,,,,,,,,,,
,,,,,,,,,,,,,,,,,,,,,,,,,,,,,,
,,,,,,,,,,,,,,,,,,,,,,,,,,,,,,
,,,,,,,,,,,,,,,,,,,,,,,,,,,,,,
,,,,,,,,,,,,,,,,,,,,,,,,,,,,,,
,,,,,,,,,,,,,,,,,,,,,,,,,,,,,,
,,,,,,,,,,,,,,,,,,,,,,,,,,,,,,
,,,,,,,,,,,,,,,,,,,,,,,,,,,,,,
,,,,,,,,,,,,,,,,,,,,,,,,,,,,,,
,,,,,,,,,,,,,,,,,,,,,,,,,,,,,,
,,,,,,,,,,,,,,,,,,,,,,,,,,,,,,
,,,,,,,,,,,,,,,,,,,,,,,,,,,,,,
,,,,,,,,,,,,,,,,,,,,,,,,,,,,,,
,,,,,,,,,,,,,,,,,,,,,,,,,,,,,,
,,,,,,,,,,,,,,,,,,,,,,,,,,,,,,
,,,,,,,,,,,,,,,,,,,,,,,,,,,,,,
,,,,,,,,,,,,,,,,,,,,,,,,,,,,,,
,,,,,,,,,,,,,,,,,,,,,,,,,,,,,,
,,,,,,,,,,,,,,,,,,,,,,,,,,,,,,
,,,,,,,,,,,,,,,,,,,,,,,,,,,,,,
,,,,,,,,,,,,,,,,,,,,,,,,,,,,,,
,,,,,,,,,,,,,,,,,,,,,,,,,,,,,,
